"Jul.Day","YYYY/MM/DD","Wdy","CAD/USD","EUR/USD","GBP/USD","JPY/USD","AUD/USD","CNY/USD"
2457757,"2017/01/03","Tue",1.3438,0.96013,0.81596,117.67,1.3831,6.9627
2457758,"2017/01/04","Wed",1.3293,0.95461,0.81328,117.43,1.3755,6.9343
2457759,"2017/01/05","Thu",1.3216,0.94353,0.80566,115.42,1.3637,6.8905
2457760,"2017/01/06","Fri",1.3216,0.94704,0.81214,116.85,1.3692,6.9194
2457763,"2017/01/09","Mon",1.3222,0.94558,0.82201,116.08,1.3582,6.9370
2457764,"2017/01/10","Tue",1.3208,0.94593,0.82211,115.76,1.3569,6.9224
2457765,"2017/01/11","Wed",1.3232,0.95242,0.82540,116.27,1.3517,6.9386
2457766,"2017/01/12","Thu",1.3130,0.93766,0.81894,113.88,1.3321,6.8924
2457767,"2017/01/13","Fri",1.3135,0.94124,0.81976,115.02,1.3369,6.9023
2457770,"2017/01/16","Mon",1.3163,0.94338,0.83037,114.06,1.3381,6.9025
2457771,"2017/01/17","Tue",1.3060,0.93499,0.80747,112.98,1.3267,6.8556
2457772,"2017/01/18","Wed",1.3177,0.93613,0.81244,113.40,1.3241,6.8381
2457773,"2017/01/19","Thu",1.3329,0.94072,0.81180,115.30,1.3256,6.8706
2457774,"2017/01/20","Fri",1.3339,0.93640,0.81118,115.09,1.3258,6.8758
2457777,"2017/01/23","Mon",1.3289,0.93112,0.80093,112.91,1.3220,6.8535
2457778,"2017/01/24","Tue",1.3152,0.93039,0.79801,113.67,1.3186,6.8607
2457779,"2017/01/25","Wed",1.3075,0.93087,0.79247,113.60,1.3220,6.8852
2457780,"2017/01/26","Thu",1.3104,0.93727,0.79505,114.75,1.3281,6.8823
2457781,"2017/01/27","Fri",1.3108,0.93548,0.79810,115.18,1.3250,6.8808
2457784,"2017/01/30","Mon",1.3093,0.93635,0.80168,113.85,1.3237,6.8802
2457785,"2017/01/31","Tue",1.3030,0.92654,0.79471,112.72,1.3190,6.8833
2457786,"2017/02/01","Wed",1.3089,0.92968,0.79097,113.32,1.3221,6.8817
2457787,"2017/02/02","Thu",1.3019,0.92570,0.79739,112.43,1.3035,6.8811
2457788,"2017/02/03","Fri",1.3004,0.92667,0.79936,112.39,1.3012,6.8695
2457791,"2017/02/06","Mon",1.3117,0.93194,0.80329,112.30,1.3090,6.8639
2457792,"2017/02/07","Tue",1.3167,0.93542,0.80096,112.16,1.3098,6.8829
2457793,"2017/02/08","Wed",1.3157,0.93398,0.79739,111.78,1.3077,6.8705
2457794,"2017/02/09","Thu",1.3141,0.93831,0.79909,113.28,1.3119,6.8693
2457795,"2017/02/10","Fri",1.3074,0.93909,0.79993,113.19,1.3013,6.8774
2457798,"2017/02/13","Mon",1.3071,0.94321,0.79940,113.76,1.3084,6.8831
2457799,"2017/02/14","Tue",1.3093,0.94548,0.80227,114.35,1.3090,6.8658
2457800,"2017/02/15","Wed",1.3084,0.94374,0.80231,114.17,1.2993,6.8719
2457801,"2017/02/16","Thu",1.3058,0.93808,0.80155,113.35,1.2998,6.8546
2457802,"2017/02/17","Fri",1.3116,0.94211,0.80471,112.87,1.3061,6.8670
2457806,"2017/02/21","Tue",1.3149,0.94781,0.80226,113.45,1.3036,6.8843
2457807,"2017/02/22","Wed",1.3187,0.94741,0.80286,113.49,1.3016,6.8790
2457808,"2017/02/23","Thu",1.3109,0.94472,0.79700,112.72,1.2963,6.8669
2457809,"2017/02/24","Fri",1.3104,0.94511,0.80010,112.29,1.3021,6.8679
2457812,"2017/02/27","Mon",1.3101,0.94116,0.80173,111.97,1.3000,6.8700
2457813,"2017/02/28","Tue",1.3248,0.94185,0.80476,112.08,1.3011,6.8678
2457814,"2017/03/01","Wed",1.3346,0.94666,0.81180,113.68,1.3050,6.8829
2457815,"2017/03/02","Thu",1.3384,0.95104,0.81525,114.49,1.3197,6.8883
2457816,"2017/03/03","Fri",1.3419,0.94767,0.81649,114.59,1.3232,6.8957
2457819,"2017/03/06","Mon",1.3410,0.94477,0.81694,113.93,1.3190,6.8981
2457820,"2017/03/07","Tue",1.3413,0.94504,0.81911,113.96,1.3154,6.9032
2457821,"2017/03/08","Wed",1.3481,0.94816,0.82296,114.54,1.3256,6.9133
2457822,"2017/03/09","Thu",1.3505,0.94467,0.82212,114.74,1.3307,6.9115
2457823,"2017/03/10","Fri",1.3469,0.93750,0.82258,115.02,1.3280,6.9107
2457826,"2017/03/13","Mon",1.3453,0.93723,0.81741,114.59,1.3190,6.9132
2457827,"2017/03/14","Tue",1.3463,0.93937,0.82192,114.58,1.3202,6.9147
2457828,"2017/03/15","Wed",1.3451,0.94056,0.81829,114.67,1.3170,6.9157
2457829,"2017/03/16","Thu",1.3316,0.93138,0.80855,113.04,1.3032,6.8995
2457830,"2017/03/17","Fri",1.3369,0.93099,0.80838,112.63,1.3005,6.9019
2457833,"2017/03/20","Mon",1.3357,0.92996,0.80868,112.62,1.2930,6.9100
2457834,"2017/03/21","Tue",1.3320,0.92513,0.80130,111.93,1.2960,6.8873
2457835,"2017/03/22","Wed",1.3347,0.92591,0.80157,111.04,1.3029,6.8834
2457836,"2017/03/23","Thu",1.3333,0.92706,0.79838,111.11,1.3084,6.8869
2457837,"2017/03/24","Fri",1.3373,0.92553,0.80068,111.07,1.3126,6.8827
2457840,"2017/03/27","Mon",1.3368,0.91902,0.79482,110.48,1.3120,6.8730
2457841,"2017/03/28","Tue",1.3363,0.92159,0.79980,110.53,1.3074,6.8810
2457842,"2017/03/29","Wed",1.3372,0.92971,0.80583,111.06,1.3057,6.8892
2457843,"2017/03/30","Thu",1.3279,0.93225,0.80071,111.40,1.3047,6.8910
2457844,"2017/03/31","Fri",1.3322,0.93481,0.79772,111.39,1.3094,6.8883
2457847,"2017/04/03","Mon",1.3389,0.93859,0.80145,111.02,1.3157,6.8873
2457848,"2017/04/04","Tue",1.3415,0.93778,0.80411,110.78,1.3217,6.8866
2457849,"2017/04/05","Wed",1.3411,0.93803,0.80080,111.20,1.3204,6.8951
2457850,"2017/04/06","Thu",1.3409,0.93901,0.80097,111.00,1.3247,6.8976
2457851,"2017/04/07","Fri",1.3397,0.94206,0.80661,110.81,1.3305,6.9021
2457854,"2017/04/10","Mon",1.3347,0.94298,0.80530,110.95,1.3334,6.9048
2457855,"2017/04/11","Tue",1.3335,0.94214,0.80109,109.75,1.3340,6.8915
2457856,"2017/04/12","Wed",1.3302,0.94247,0.80007,109.57,1.3359,6.8922
2457857,"2017/04/13","Thu",1.3265,0.94071,0.79866,109.27,1.3183,6.8909
2457861,"2017/04/17","Mon",1.3277,0.93811,0.79451,108.47,1.3151,6.8828
2457862,"2017/04/18","Tue",1.3381,0.93404,0.78325,108.44,1.3242,6.8832
2457863,"2017/04/19","Wed",1.3469,0.93398,0.78195,109.06,1.3333,6.8895
2457864,"2017/04/20","Thu",1.3480,0.92965,0.77942,109.33,1.3264,6.8811
2457865,"2017/04/21","Fri",1.3503,0.93518,0.78233,109.07,1.3266,6.8858
2457868,"2017/04/24","Mon",1.3516,0.92184,0.78227,109.71,1.3232,6.8854
2457869,"2017/04/25","Tue",1.3615,0.91400,0.77907,110.87,1.3269,6.8832
2457870,"2017/04/26","Wed",1.3592,0.91975,0.77896,111.50,1.3400,6.8925
2457871,"2017/04/27","Thu",1.3667,0.92052,0.77587,111.11,1.3421,6.8991
2457872,"2017/04/28","Fri",1.3665,0.91791,0.77299,111.46,1.3377,6.8945
2457875,"2017/05/01","Mon",1.3660,0.91666,0.77420,111.69,1.3276,6.8920
2457876,"2017/05/02","Tue",1.3720,0.91644,0.77392,112.09,1.3293,6.8945
2457877,"2017/05/03","Wed",1.3714,0.91653,0.77476,112.41,1.3419,6.8984
2457878,"2017/05/04","Thu",1.3743,0.91273,0.77456,112.65,1.3517,6.8956
2457879,"2017/05/05","Fri",1.3712,0.91031,0.77177,112.58,1.3500,6.9043
2457882,"2017/05/08","Mon",1.3705,0.91458,0.77263,112.89,1.3536,6.9043
2457883,"2017/05/09","Tue",1.3728,0.91894,0.77337,114.11,1.3612,6.9089
2457884,"2017/05/10","Wed",1.3672,0.92005,0.77278,114.03,1.3557,6.9016
2457885,"2017/05/11","Thu",1.3707,0.92043,0.77656,113.85,1.3567,6.9053
2457886,"2017/05/12","Fri",1.3714,0.91592,0.77651,113.43,1.3523,6.8984
2457889,"2017/05/15","Mon",1.3641,0.91104,0.77479,113.58,1.3469,6.8929
2457890,"2017/05/16","Tue",1.3596,0.90261,0.77466,113.21,1.3461,6.8875
2457891,"2017/05/17","Wed",1.3614,0.89796,0.77186,111.41,1.3478,6.8827
2457892,"2017/05/18","Thu",1.3611,0.89972,0.76994,111.11,1.3462,6.8882
2457893,"2017/05/19","Fri",1.3544,0.89329,0.76776,111.38,1.3419,6.8856
2457897,"2017/05/23","Tue",1.3490,0.89220,0.77037,111.40,1.3347,6.8897
2457898,"2017/05/24","Wed",1.3460,0.89358,0.77232,111.89,1.3378,6.8884
2457899,"2017/05/25","Thu",1.3453,0.89199,0.77218,111.83,1.3398,6.8673
2457900,"2017/05/26","Fri",1.3456,0.89474,0.78092,111.21,1.3430,6.8548
2457903,"2017/05/29","Mon",1.3446,0.89479,0.77876,111.31,1.3438,6.8567
2457904,"2017/05/30","Tue",1.3469,0.89442,0.77770,110.86,1.3403,6.8545
2457905,"2017/05/31","Wed",1.3500,0.89027,0.77644,110.75,1.3446,6.8113
2457906,"2017/06/01","Thu",1.3500,0.89162,0.77622,111.29,1.3546,6.8079
2457907,"2017/06/02","Fri",1.3504,0.88737,0.77654,110.60,1.3460,6.8133
2457910,"2017/06/05","Mon",1.3483,0.88873,0.77417,110.52,1.3363,6.8027
2457911,"2017/06/06","Tue",1.3461,0.88734,0.77567,109.44,1.3316,6.7951
2457912,"2017/06/07","Wed",1.3492,0.88886,0.77269,109.51,1.3239,6.7970
2457913,"2017/06/08","Thu",1.3503,0.89158,0.77323,110.14,1.3258,6.7991
2457914,"2017/06/09","Fri",1.3453,0.89377,0.78553,110.54,1.3279,6.7979
2457917,"2017/06/12","Mon",1.3415,0.89243,0.78995,109.87,1.3265,6.7993
2457918,"2017/06/13","Tue",1.3238,0.89235,0.78499,110.04,1.3269,6.7992
2457919,"2017/06/14","Wed",1.3209,0.88818,0.78238,109.35,1.3135,6.7913
2457920,"2017/06/15","Thu",1.3283,0.89689,0.78403,110.69,1.3195,6.8083
2457921,"2017/06/16","Fri",1.3232,0.89381,0.78231,110.91,1.3120,6.8101
2457924,"2017/06/19","Mon",1.3220,0.89579,0.78443,111.37,1.3158,6.8179
2457925,"2017/06/20","Tue",1.3267,0.89818,0.79178,111.49,1.3184,6.8281
2457926,"2017/06/21","Wed",1.3310,0.89696,0.78925,111.47,1.3237,6.8291
2457927,"2017/06/22","Thu",1.3241,0.89654,0.78947,111.27,1.3258,6.8358
2457928,"2017/06/23","Fri",1.3268,0.89329,0.78583,111.22,1.3205,6.8356
2457931,"2017/06/26","Mon",1.3238,0.89331,0.78573,111.62,1.3179,6.8413
2457932,"2017/06/27","Tue",1.3188,0.88433,0.78225,112.14,1.3175,6.8120
2457933,"2017/06/28","Wed",1.3060,0.87982,0.77429,112.20,1.3115,6.7985
2457934,"2017/06/29","Thu",1.3015,0.87537,0.76998,112.30,1.3035,6.7857
2457935,"2017/06/30","Fri",1.2977,0.87606,0.76960,112.26,1.3019,6.7800
2457939,"2017/07/04","Tue",1.2941,0.88124,0.77375,113.22,1.3147,6.8003
2457940,"2017/07/05","Wed",1.2982,0.88229,0.77394,113.28,1.3177,6.8004
2457941,"2017/07/06","Thu",1.2946,0.87669,0.77184,113.26,1.3182,6.8029
2457942,"2017/07/07","Fri",1.2887,0.87714,0.77619,113.94,1.3154,6.8041
2457945,"2017/07/10","Mon",1.2888,0.87745,0.77648,114.15,1.3158,6.8046
2457946,"2017/07/11","Tue",1.2920,0.87451,0.77784,114.13,1.3123,6.8036
2457947,"2017/07/12","Wed",1.2794,0.87552,0.77601,113.22,1.3034,6.7873
2457948,"2017/07/13","Thu",1.2743,0.87707,0.77315,113.27,1.2942,6.7818
2457949,"2017/07/14","Fri",1.2672,0.87303,0.76554,112.54,1.2800,6.7765
2457952,"2017/07/17","Mon",1.2669,0.87162,0.76559,112.61,1.2797,6.7713
2457953,"2017/07/18","Tue",1.2628,0.86458,0.76724,111.95,1.2622,6.7457
2457954,"2017/07/19","Wed",1.2595,0.86790,0.76747,111.76,1.2582,6.7533
2457955,"2017/07/20","Thu",1.2585,0.86175,0.77090,111.97,1.2580,6.7625
2457956,"2017/07/21","Fri",1.2549,0.85764,0.76997,111.15,1.2631,6.7686
2457959,"2017/07/24","Mon",1.2512,0.85904,0.76747,111.02,1.2608,6.7523
2457960,"2017/07/25","Tue",1.2507,0.85711,0.76641,111.57,1.2580,6.7496
2457961,"2017/07/26","Wed",1.2505,0.85815,0.76572,111.85,1.2603,6.7558
2457962,"2017/07/27","Thu",1.2520,0.85630,0.76379,111.39,1.2536,6.7421
2457963,"2017/07/28","Fri",1.2447,0.85143,0.76231,110.84,1.2523,6.7390
2457966,"2017/07/31","Mon",1.2485,0.84822,0.75952,110.39,1.2530,6.7268
2457967,"2017/08/01","Tue",1.2514,0.84674,0.75664,110.26,1.2538,6.7171
2457968,"2017/08/02","Wed",1.2560,0.84352,0.75576,110.56,1.2542,6.7238
2457969,"2017/08/03","Thu",1.2578,0.84258,0.76143,110.24,1.2589,6.7190
2457970,"2017/08/04","Fri",1.2638,0.84899,0.76617,110.76,1.2619,6.7259
2457974,"2017/08/08","Tue",1.2672,0.84984,0.76996,110.48,1.2634,6.7048
2457975,"2017/08/09","Wed",1.2705,0.85177,0.76958,109.90,1.2691,6.6763
2457976,"2017/08/10","Thu",1.2711,0.85103,0.77008,109.39,1.2678,6.6480
2457977,"2017/08/11","Fri",1.2685,0.84657,0.76953,109.07,1.2677,6.6658
2457980,"2017/08/14","Mon",1.2705,0.84841,0.77079,109.62,1.2720,6.6728
2457981,"2017/08/15","Tue",1.2755,0.85278,0.77741,110.53,1.2788,6.6850
2457982,"2017/08/16","Wed",1.2699,0.85320,0.77731,110.62,1.2677,6.6942
2457983,"2017/08/17","Thu",1.2647,0.85240,0.77637,109.88,1.2634,6.6774
2457984,"2017/08/18","Fri",1.2586,0.85115,0.77706,109.06,1.2615,6.6698
2457987,"2017/08/21","Mon",1.2575,0.84714,0.77518,108.87,1.2595,6.6676
2457988,"2017/08/22","Tue",1.2552,0.85041,0.77953,109.43,1.2638,6.6624
2457989,"2017/08/23","Wed",1.2564,0.84692,0.78144,109.06,1.2660,6.6582
2457990,"2017/08/24","Thu",1.2529,0.84718,0.78077,109.33,1.2656,6.6608
2457991,"2017/08/25","Fri",1.2492,0.84286,0.77725,109.39,1.2611,6.6518
2457994,"2017/08/28","Mon",1.2482,0.83609,0.77360,109.20,1.2570,6.6147
2457995,"2017/08/29","Tue",1.2515,0.83228,0.77301,109.02,1.2553,6.5973
2457996,"2017/08/30","Wed",1.2605,0.83983,0.77393,110.28,1.2643,6.5960
2457997,"2017/08/31","Thu",1.2536,0.84208,0.77569,110.16,1.2623,6.5909
2457998,"2017/09/01","Fri",1.2390,0.84177,0.77148,110.13,1.2546,6.5590
2458002,"2017/09/05","Tue",1.2371,0.83968,0.76867,108.90,1.2497,6.5420
2458003,"2017/09/06","Wed",1.2264,0.83839,0.76612,109.01,1.2513,6.5234
2458004,"2017/09/07","Thu",1.2148,0.83291,0.76407,108.56,1.2449,6.4893
2458005,"2017/09/08","Fri",1.2132,0.83090,0.75759,107.74,1.2391,6.4773
2458008,"2017/09/11","Mon",1.2128,0.83520,0.75857,109.06,1.2448,6.5274
2458009,"2017/09/12","Tue",1.2159,0.83636,0.75335,110.04,1.2458,6.5371
2458010,"2017/09/13","Wed",1.2187,0.83950,0.75606,110.49,1.2509,6.5416
2458011,"2017/09/14","Thu",1.2198,0.84089,0.74743,110.59,1.2533,6.5581
2458012,"2017/09/15","Fri",1.2182,0.83645,0.73647,110.95,1.2489,6.5495
2458015,"2017/09/18","Mon",1.2238,0.83702,0.73990,111.46,1.2547,6.5725
2458016,"2017/09/19","Tue",1.2277,0.83449,0.74011,111.51,1.2491,6.5828
2458017,"2017/09/20","Wed",1.2273,0.83507,0.73831,111.57,1.2412,6.5736
2458018,"2017/09/21","Thu",1.2339,0.83836,0.73820,112.38,1.2608,6.5913
2458019,"2017/09/22","Fri",1.2317,0.83624,0.73887,112.07,1.2548,6.5901
2458022,"2017/09/25","Mon",1.2341,0.84331,0.74165,111.89,1.2585,6.6207
2458023,"2017/09/26","Tue",1.2370,0.84842,0.74428,112.15,1.2682,6.6363
2458024,"2017/09/27","Wed",1.2412,0.85148,0.74632,112.84,1.2724,6.6410
2458025,"2017/09/28","Thu",1.2450,0.84855,0.74426,112.57,1.2756,6.6649
2458026,"2017/09/29","Fri",1.2480,0.84656,0.74659,112.53,1.2757,6.6525
2458029,"2017/10/02","Mon",1.2505,0.85143,0.75327,112.66,1.2776,6.6551
2458030,"2017/10/03","Tue",1.2500,0.85086,0.75497,112.92,1.2781,6.6525
2458031,"2017/10/04","Wed",1.2479,0.85018,0.75388,112.73,1.2731,6.6519
2458032,"2017/10/05","Thu",1.2548,0.85366,0.76159,112.74,1.2818,6.6532
2458033,"2017/10/06","Fri",1.2549,0.85327,0.76598,112.85,1.2881,6.6538
2458037,"2017/10/10","Tue",1.2501,0.84730,0.75745,112.22,1.2845,6.5726
2458038,"2017/10/11","Wed",1.2498,0.84412,0.75718,112.29,1.2847,6.5918
2458039,"2017/10/12","Thu",1.2472,0.84441,0.75721,112.26,1.2784,6.5885
2458040,"2017/10/13","Fri",1.2487,0.84486,0.75196,111.89,1.2687,6.5790
2458043,"2017/10/16","Mon",1.2529,0.84724,0.75353,111.87,1.2722,6.5907
2458044,"2017/10/17","Tue",1.2548,0.85060,0.75874,112.34,1.2759,6.6216
2458045,"2017/10/18","Wed",1.2486,0.84893,0.75861,112.89,1.2758,6.6274
2458046,"2017/10/19","Thu",1.2478,0.84476,0.75923,112.52,1.2705,6.6161
2458047,"2017/10/20","Fri",1.2601,0.84844,0.75841,113.42,1.2784,6.6216
2458050,"2017/10/23","Mon",1.2644,0.85145,0.75790,113.71,1.2811,6.6408
2458051,"2017/10/24","Tue",1.2666,0.85001,0.76118,113.90,1.2855,6.6349
2458052,"2017/10/25","Wed",1.2771,0.84728,0.75461,113.82,1.2984,6.6412
2458053,"2017/10/26","Thu",1.2831,0.85489,0.75887,113.85,1.3017,6.6413
2458054,"2017/10/27","Fri",1.2874,0.86258,0.76277,113.93,1.3062,6.6532
2458057,"2017/10/30","Mon",1.2837,0.86004,0.75788,113.30,1.3034,6.6478
2458058,"2017/10/31","Tue",1.2893,0.85873,0.75420,113.59,1.3066,6.6356
2458059,"2017/11/01","Wed",1.2885,0.86026,0.75351,114.03,1.3030,6.6043
2458060,"2017/11/02","Thu",1.2822,0.85766,0.76426,113.97,1.2961,6.6093
2458061,"2017/11/03","Fri",1.2764,0.86051,0.76463,114.17,1.3064,6.6341
2458064,"2017/11/06","Mon",1.2746,0.86215,0.76118,113.91,1.3034,6.6351
2458065,"2017/11/07","Tue",1.2785,0.86373,0.76074,114.05,1.3086,6.6381
2458066,"2017/11/08","Wed",1.2729,0.86257,0.76308,113.65,1.3026,6.6262
2458067,"2017/11/09","Thu",1.2692,0.85943,0.76155,113.32,1.3036,6.6415
2458068,"2017/11/10","Fri",1.2683,0.85760,0.75742,113.44,1.3050,6.6403
2458072,"2017/11/14","Tue",1.2733,0.84943,0.76109,113.48,1.3103,6.6352
2458073,"2017/11/15","Wed",1.2773,0.84690,0.75939,112.94,1.3180,6.6216
2458074,"2017/11/16","Thu",1.2745,0.84955,0.75804,112.99,1.3170,6.6311
2458075,"2017/11/17","Fri",1.2783,0.84785,0.75720,112.23,1.3232,6.6267
2458078,"2017/11/20","Mon",1.2793,0.85116,0.75524,112.42,1.3243,6.6354
2458079,"2017/11/21","Tue",1.2778,0.85209,0.75529,112.38,1.3194,6.6310
2458080,"2017/11/22","Wed",1.2729,0.84815,0.75257,111.56,1.3172,6.6125
2458081,"2017/11/23","Thu",1.2715,0.84395,0.75152,111.24,1.3115,6.5813
2458082,"2017/11/24","Fri",1.2708,0.83881,0.74987,111.47,1.3127,6.6016
2458085,"2017/11/27","Mon",1.2735,0.83899,0.74960,111.03,1.3134,6.5984
2458086,"2017/11/28","Tue",1.2807,0.84245,0.75211,111.27,1.3148,6.6050
2458087,"2017/11/29","Wed",1.2853,0.84387,0.74532,111.86,1.3211,6.6082
2458088,"2017/11/30","Thu",1.2888,0.84070,0.74052,112.36,1.3209,6.6126
2458089,"2017/12/01","Fri",1.2729,0.84109,0.74152,112.25,1.3150,6.6159
2458092,"2017/12/04","Mon",1.2695,0.84397,0.74175,112.74,1.3162,6.6189
2458093,"2017/12/05","Tue",1.2680,0.84584,0.74417,112.71,1.3137,6.6180
2458094,"2017/12/06","Wed",1.2757,0.84770,0.74742,112.20,1.3210,6.6133
2458095,"2017/12/07","Thu",1.2843,0.84823,0.74474,112.76,1.3299,6.6201
2458096,"2017/12/08","Fri",1.2860,0.85036,0.74642,113.50,1.3315,6.6220
2458099,"2017/12/11","Mon",1.2854,0.84806,0.74885,113.45,1.3276,6.6189
2458100,"2017/12/12","Tue",1.2871,0.85205,0.75045,113.60,1.3232,6.6209
2458101,"2017/12/13","Wed",1.2852,0.84955,0.74804,113.03,1.3141,6.6179
2458102,"2017/12/14","Thu",1.2805,0.84779,0.74478,112.52,1.3044,6.6107
2458103,"2017/12/15","Fri",1.2834,0.84948,0.75044,112.58,1.3065,6.6087
2458106,"2017/12/18","Mon",1.2865,0.84766,0.74662,112.46,1.3040,6.6178
2458107,"2017/12/19","Tue",1.2886,0.84543,0.74823,112.94,1.3056,6.6048
2458108,"2017/12/20","Wed",1.2842,0.84232,0.74615,113.35,1.3039,6.5789
2458109,"2017/12/21","Thu",1.2734,0.84270,0.74814,113.39,1.2993,6.5843
2458110,"2017/12/22","Fri",1.2759,0.84424,0.74758,113.41,1.2960,6.5768
2458115,"2017/12/27","Wed",1.2641,0.84038,0.74596,113.27,1.2866,6.5565
2458116,"2017/12/28","Thu",1.2588,0.83691,0.74375,112.90,1.2834,6.5324
2458117,"2017/12/29","Fri",1.2545,0.83344,0.73964,112.61,1.2800,6.5067
2458121,"2018/01/02","Tue",1.2517,0.82993,0.73651,112.26,1.2778,6.4922
2458122,"2018/01/03","Wed",1.2533,0.83182,0.73937,112.40,1.2759,6.5039
2458123,"2018/01/04","Thu",1.2515,0.82848,0.73826,112.75,1.2735,6.4945
2458124,"2018/01/05","Fri",1.2403,0.83041,0.73731,113.17,1.2724,6.4903
2458127,"2018/01/08","Mon",1.2422,0.83549,0.73752,113.03,1.2759,6.5003
2458128,"2018/01/09","Tue",1.2454,0.83848,0.73942,112.60,1.2786,6.5273
2458129,"2018/01/10","Wed",1.2496,0.83529,0.73971,111.47,1.2752,6.5083
2458130,"2018/01/11","Thu",1.2535,0.83079,0.73896,111.32,1.2687,6.4982
2458131,"2018/01/12","Fri",1.2504,0.82317,0.73037,111.25,1.2675,6.4620
2458134,"2018/01/15","Mon",1.2422,0.81499,0.72470,110.52,1.2553,6.4363
2458135,"2018/01/16","Tue",1.2419,0.81698,0.72592,110.69,1.2570,6.4447
2458136,"2018/01/17","Wed",1.2425,0.81727,0.72243,110.84,1.2515,6.4345
2458137,"2018/01/18","Thu",1.2446,0.81699,0.72038,111.03,1.2509,6.4221
2458138,"2018/01/19","Fri",1.2459,0.81720,0.72126,110.65,1.2496,6.4024
2458141,"2018/01/22","Mon",1.2458,0.81649,0.71692,110.94,1.2483,6.4051
2458142,"2018/01/23","Tue",1.2454,0.81436,0.71517,110.41,1.2522,6.4064
2458143,"2018/01/24","Wed",1.2341,0.80708,0.70395,109.21,1.2391,6.3712
2458144,"2018/01/25","Thu",1.2323,0.80212,0.70185,108.86,1.2385,6.3227
2458145,"2018/01/26","Fri",1.2321,0.80456,0.70478,108.75,1.2341,6.3185
2458148,"2018/01/29","Mon",1.2335,0.80848,0.71087,108.97,1.2357,6.3354
2458149,"2018/01/30","Tue",1.2328,0.80575,0.70741,108.71,1.2366,6.3221
2458150,"2018/01/31","Wed",1.2293,0.80420,0.70516,109.17,1.2381,6.2880
2458151,"2018/02/01","Thu",1.2288,0.80151,0.70229,109.42,1.2465,6.2983
2458152,"2018/02/02","Fri",1.2380,0.80285,0.70699,110.24,1.2589,6.3003
2458155,"2018/02/05","Mon",1.2483,0.80535,0.71352,109.89,1.2622,6.2887
2458156,"2018/02/06","Tue",1.2530,0.80865,0.71817,109.34,1.2698,6.2839
2458157,"2018/02/07","Wed",1.2546,0.81346,0.72004,109.38,1.2750,6.2699
2458158,"2018/02/08","Thu",1.2585,0.81567,0.71616,109.15,1.2820,6.3273
2458159,"2018/02/09","Fri",1.2609,0.81712,0.72432,108.60,1.2818,6.2982
2458162,"2018/02/12","Mon",1.2603,0.81494,0.72348,108.65,1.2757,6.3268
2458163,"2018/02/13","Tue",1.2600,0.80946,0.72033,107.69,1.2734,6.3412
2458164,"2018/02/14","Wed",1.2562,0.80702,0.71738,107.09,1.2700,6.3477
2458165,"2018/02/15","Thu",1.2507,0.80086,0.71067,106.44,1.2626,6.3487
2458166,"2018/02/16","Fri",1.2540,0.80410,0.71258,106.18,1.2630,6.3494
2458170,"2018/02/20","Tue",1.2622,0.81019,0.71448,107.24,1.2670,6.3491
2458171,"2018/02/21","Wed",1.2671,0.81183,0.71685,107.66,1.2757,6.3482
2458172,"2018/02/22","Thu",1.2709,0.81135,0.71713,106.80,1.2746,6.3513
2458173,"2018/02/23","Fri",1.2668,0.81309,0.71546,106.72,1.2779,6.3372
2458176,"2018/02/26","Mon",1.2686,0.81258,0.71595,106.96,1.2747,6.3146
2458177,"2018/02/27","Tue",1.2740,0.81599,0.71880,107.33,1.2799,6.3163
2458178,"2018/02/28","Wed",1.2809,0.81909,0.72502,106.83,1.2831,6.3286
2458179,"2018/03/01","Thu",1.2851,0.81942,0.72744,106.74,1.2916,6.3556
2458180,"2018/03/02","Fri",1.2891,0.81188,0.72580,105.49,1.2901,6.3440
2458183,"2018/03/05","Mon",1.2977,0.81142,0.72283,105.93,1.2900,6.3457
2458184,"2018/03/06","Tue",1.2898,0.80623,0.71979,106.16,1.2788,6.3164
2458185,"2018/03/07","Wed",1.2947,0.80606,0.72008,105.95,1.2804,6.3249
2458186,"2018/03/08","Thu",1.2927,0.81047,0.72282,106.13,1.2838,6.3399
2458187,"2018/03/09","Fri",1.2840,0.81220,0.72184,106.82,1.2761,6.3345
2458190,"2018/03/12","Mon",1.2830,0.81177,0.71970,106.47,1.2708,6.3296
2458191,"2018/03/13","Tue",1.2912,0.80761,0.71610,106.80,1.2695,6.3232
2458192,"2018/03/14","Wed",1.2944,0.80849,0.71617,106.36,1.2681,6.3172
2458193,"2018/03/15","Thu",1.3032,0.81131,0.71683,106.12,1.2792,6.3231
2458194,"2018/03/16","Fri",1.3088,0.81378,0.71766,106.06,1.2933,6.3319
2458197,"2018/03/19","Mon",1.3079,0.81115,0.71194,105.99,1.2976,6.3337
2458198,"2018/03/20","Tue",1.3077,0.81512,0.71412,106.40,1.2999,6.3327
2458199,"2018/03/21","Wed",1.2958,0.81389,0.71026,106.30,1.2966,6.3241
2458200,"2018/03/22","Thu",1.2908,0.81234,0.70857,105.54,1.2969,6.3337
2458201,"2018/03/23","Fri",1.2856,0.80947,0.70684,105.03,1.2943,6.3174
2458204,"2018/03/26","Mon",1.2886,0.80392,0.70312,105.19,1.2937,6.2767
2458205,"2018/03/27","Tue",1.2869,0.80648,0.70697,105.66,1.2983,6.2837
2458206,"2018/03/28","Wed",1.2902,0.81022,0.70906,106.45,1.3038,6.2967
2458207,"2018/03/29","Thu",1.2894,0.81263,0.71214,106.39,1.3022,6.2898
2458211,"2018/04/02","Mon",1.2908,0.81234,0.71189,106.06,1.3050,6.2813
2458212,"2018/04/03","Tue",1.2812,0.81496,0.71146,106.50,1.3015,6.2896
2458213,"2018/04/04","Wed",1.2809,0.81363,0.71058,106.48,1.2990,6.3036
2458214,"2018/04/05","Thu",1.2776,0.81704,0.71410,107.36,1.3014,6.3060
2458215,"2018/04/06","Fri",1.2764,0.81497,0.71041,107.08,1.3018,6.3063
2458218,"2018/04/09","Mon",1.2729,0.81190,0.70744,106.97,1.2999,6.3077
2458219,"2018/04/10","Tue",1.2618,0.80957,0.70570,107.20,1.2894,6.2839
2458220,"2018/04/11","Wed",1.2584,0.80807,0.70479,106.83,1.2891,6.2732
2458221,"2018/04/12","Thu",1.2596,0.81160,0.70325,107.29,1.2895,6.2917
2458222,"2018/04/13","Fri",1.2597,0.81114,0.70167,107.48,1.2863,6.2765
2458225,"2018/04/16","Mon",1.2579,0.80795,0.69814,107.24,1.2861,6.2769
2458226,"2018/04/17","Tue",1.2552,0.80934,0.69912,107.10,1.2871,6.2823
2458227,"2018/04/18","Wed",1.2614,0.80755,0.70328,107.26,1.2852,6.2756
2458228,"2018/04/19","Thu",1.2633,0.80924,0.70544,107.33,1.2899,6.2788
2458229,"2018/04/20","Fri",1.2728,0.81402,0.71277,107.59,1.3034,6.2948
2458232,"2018/04/23","Mon",1.2833,0.81838,0.71697,108.48,1.3127,6.3155
2458233,"2018/04/24","Tue",1.2828,0.81785,0.71577,108.90,1.3152,6.3068
2458234,"2018/04/25","Wed",1.2869,0.82104,0.71742,109.24,1.3223,6.3269
2458235,"2018/04/26","Thu",1.2862,0.82443,0.71730,109.28,1.3223,6.3328
2458236,"2018/04/27","Fri",1.2857,0.82639,0.72569,109.14,1.3216,6.3366
2458239,"2018/04/30","Mon",1.2836,0.82765,0.72701,109.34,1.3263,6.3325
2458240,"2018/05/01","Tue",1.2867,0.83292,0.73392,109.69,1.3346,6.3322
2458241,"2018/05/02","Wed",1.2851,0.83486,0.73464,109.84,1.3330,6.3619
2458242,"2018/05/03","Thu",1.2862,0.83471,0.73661,109.19,1.3293,6.3516
2458243,"2018/05/04","Fri",1.2861,0.83687,0.73880,109.08,1.3283,6.3637
2458246,"2018/05/07","Mon",1.2864,0.83887,0.73766,109.20,1.3307,6.3683
2458247,"2018/05/08","Tue",1.2963,0.84285,0.73943,109.12,1.3423,6.3700
2458248,"2018/05/09","Wed",1.2856,0.84280,0.73694,109.69,1.3404,6.3644
2458249,"2018/05/10","Thu",1.2775,0.83952,0.74028,109.47,1.3293,6.3494
2458250,"2018/05/11","Fri",1.2779,0.83692,0.73769,109.32,1.3251,6.3325
2458253,"2018/05/14","Mon",1.2775,0.83557,0.73631,109.56,1.3253,6.3400
2458254,"2018/05/15","Tue",1.2876,0.84366,0.74072,110.33,1.3383,6.3774
2458255,"2018/05/16","Wed",1.2809,0.84772,0.74139,110.23,1.3319,6.3726
2458256,"2018/05/17","Thu",1.2801,0.84758,0.74024,110.74,1.3312,6.3687
2458257,"2018/05/18","Fri",1.2880,0.84944,0.74198,110.75,1.3320,6.3794
2458261,"2018/05/22","Tue",1.2786,0.84872,0.74432,110.99,1.3184,6.3675
2458262,"2018/05/23","Wed",1.2876,0.85464,0.74965,110.05,1.3255,6.3901
2458263,"2018/05/24","Thu",1.2891,0.85252,0.74687,109.34,1.3209,6.3785
2458264,"2018/05/25","Fri",1.2974,0.85739,0.75077,109.39,1.3236,6.3911
2458267,"2018/05/28","Mon",1.3001,0.86020,0.75137,109.34,1.3250,6.4013
2458268,"2018/05/29","Tue",1.3020,0.86558,0.75417,108.68,1.3307,6.4170
2458269,"2018/05/30","Wed",1.2897,0.85900,0.75267,108.93,1.3226,6.4196
2458270,"2018/05/31","Thu",1.2948,0.85646,0.75183,108.72,1.3208,6.4099
2458271,"2018/06/01","Fri",1.2964,0.85718,0.74971,109.49,1.3235,6.4210
2458274,"2018/06/04","Mon",1.2928,0.85452,0.74988,109.65,1.3070,6.4095
2458275,"2018/06/05","Tue",1.2993,0.85514,0.74780,109.65,1.3137,6.4068
2458276,"2018/06/06","Wed",1.2913,0.84932,0.74525,110.09,1.3042,6.3894
2458277,"2018/06/07","Thu",1.2972,0.84624,0.74530,109.84,1.3100,6.3933
2458278,"2018/06/08","Fri",1.2962,0.84997,0.74632,109.48,1.3166,6.4073
2458281,"2018/06/11","Mon",1.2993,0.84789,0.74733,110.02,1.3137,6.4037
2458282,"2018/06/12","Tue",1.3004,0.84932,0.74744,110.30,1.3166,6.4028
2458283,"2018/06/13","Wed",1.2988,0.84917,0.74833,110.44,1.3182,6.3980
2458284,"2018/06/14","Thu",1.3052,0.85908,0.75102,110.42,1.3302,6.4012
2458285,"2018/06/15","Fri",1.3177,0.86135,0.75301,110.55,1.3417,6.4372
2458288,"2018/06/18","Mon",1.3213,0.86151,0.75542,110.48,1.3472,6.4422
2458289,"2018/06/19","Tue",1.3276,0.86438,0.75915,109.90,1.3564,6.4856
2458290,"2018/06/20","Wed",1.3301,0.86325,0.75828,110.20,1.3552,6.4725
2458291,"2018/06/21","Thu",1.3310,0.86194,0.75488,110.09,1.3547,6.4927
2458292,"2018/06/22","Fri",1.3308,0.85841,0.75370,109.98,1.3452,6.5044
2458295,"2018/06/25","Mon",1.3303,0.85511,0.75328,109.58,1.3497,6.5403
2458296,"2018/06/26","Tue",1.3306,0.85768,0.75572,109.97,1.3525,6.5806
2458297,"2018/06/27","Wed",1.3307,0.86303,0.76070,110.34,1.3572,6.6040
2458298,"2018/06/28","Thu",1.3267,0.86391,0.76427,110.37,1.3607,6.6269
2458299,"2018/06/29","Fri",1.3168,0.85729,0.75866,110.75,1.3529,6.6204
2458303,"2018/07/03","Tue",1.3154,0.85811,0.75872,110.63,1.3541,6.6434
2458304,"2018/07/04","Wed",1.3143,0.85812,0.75621,110.54,1.3543,6.6312
2458305,"2018/07/05","Thu",1.3129,0.85503,0.75602,110.61,1.3534,6.6375
2458306,"2018/07/06","Fri",1.3105,0.85142,0.75390,110.50,1.3469,6.6422
2458309,"2018/07/09","Mon",1.3097,0.85062,0.75361,110.71,1.3389,6.6146
2458310,"2018/07/10","Tue",1.3125,0.85260,0.75379,111.23,1.3407,6.6321
2458311,"2018/07/11","Wed",1.3151,0.85402,0.75559,111.64,1.3530,6.6790
2458312,"2018/07/12","Thu",1.3166,0.85638,0.75645,112.43,1.3504,6.6663
2458313,"2018/07/13","Fri",1.3171,0.85743,0.75752,112.48,1.3506,6.6926
2458316,"2018/07/16","Mon",1.3137,0.85388,0.75509,112.28,1.3475,6.6889
2458317,"2018/07/17","Tue",1.3187,0.85641,0.76050,112.81,1.3529,6.7041
2458318,"2018/07/18","Wed",1.3204,0.85902,0.76612,112.76,1.3540,6.7196
2458319,"2018/07/19","Thu",1.3255,0.86066,0.76930,112.71,1.3617,6.7766
2458320,"2018/07/20","Fri",1.3142,0.85382,0.76274,111.75,1.3489,6.7742
2458323,"2018/07/23","Mon",1.3156,0.85451,0.76267,111.40,1.3542,6.7919
2458324,"2018/07/24","Tue",1.3157,0.85529,0.76118,111.12,1.3485,6.7925
2458325,"2018/07/25","Wed",1.3088,0.85526,0.75991,110.92,1.3473,6.7673
2458326,"2018/07/26","Thu",1.3065,0.85717,0.76132,111.10,1.3531,6.7905
2458327,"2018/07/27","Fri",1.3062,0.85816,0.76270,110.98,1.3512,6.8173
2458330,"2018/07/30","Mon",1.3021,0.85417,0.76128,111.01,1.3503,6.8173
2458331,"2018/07/31","Tue",1.3017,0.85419,0.76172,111.83,1.3456,6.8187
2458332,"2018/08/01","Wed",1.3002,0.85669,0.76196,111.80,1.3507,6.8180
2458333,"2018/08/02","Thu",1.3014,0.86140,0.76724,111.52,1.3563,6.8423
2458334,"2018/08/03","Fri",1.2983,0.86306,0.76845,111.25,1.3513,6.8332
2458338,"2018/08/07","Tue",1.3023,0.86251,0.77237,111.21,1.3466,6.8291
2458339,"2018/08/08","Wed",1.3052,0.86203,0.77644,110.99,1.3478,6.8371
2458340,"2018/08/09","Thu",1.3040,0.86443,0.77730,110.98,1.3516,6.8201
2458341,"2018/08/10","Fri",1.3113,0.87589,0.78361,110.75,1.3697,6.8475
2458344,"2018/08/13","Mon",1.3136,0.87684,0.78349,110.76,1.3749,6.8883
2458345,"2018/08/14","Tue",1.3087,0.88015,0.78492,111.00,1.3801,6.8843
2458346,"2018/08/15","Wed",1.3138,0.88251,0.78793,110.68,1.3831,6.9293
2458347,"2018/08/16","Thu",1.3152,0.87909,0.78651,110.80,1.3760,6.8859
2458348,"2018/08/17","Fri",1.3081,0.87604,0.78536,110.48,1.3720,6.8775
2458351,"2018/08/20","Mon",1.3065,0.87368,0.78280,110.35,1.3668,6.8583
2458352,"2018/08/21","Tue",1.3036,0.86641,0.77692,110.38,1.3591,6.8466
2458353,"2018/08/22","Wed",1.3016,0.86222,0.77430,110.49,1.3605,6.8397
2458354,"2018/08/23","Thu",1.3063,0.86521,0.77918,111.17,1.3769,6.8753
2458355,"2018/08/24","Fri",1.3036,0.86080,0.77804,111.23,1.3653,6.8180
2458358,"2018/08/27","Mon",1.2986,0.85705,0.77589,111.09,1.3619,6.8168
2458359,"2018/08/28","Tue",1.2917,0.85379,0.77570,111.07,1.3610,6.8020
2458360,"2018/08/29","Wed",1.2931,0.85534,0.77085,111.57,1.3705,6.8237
2458361,"2018/08/30","Thu",1.2980,0.85744,0.76873,111.23,1.3750,6.8424
2458362,"2018/08/31","Fri",1.3055,0.86086,0.77107,110.92,1.3887,6.8315
2458366,"2018/09/04","Tue",1.3182,0.86462,0.77866,111.43,1.3929,6.8442
2458367,"2018/09/05","Wed",1.3185,0.86075,0.77468,111.55,1.3913,6.8316
2458368,"2018/09/06","Thu",1.3188,0.85994,0.77290,110.92,1.3892,6.8332
2458369,"2018/09/07","Fri",1.3164,0.86423,0.77262,111.09,1.4034,6.8456
2458372,"2018/09/10","Mon",1.3163,0.86219,0.76810,111.17,1.4051,6.8557
2458373,"2018/09/11","Tue",1.3141,0.86312,0.76897,111.55,1.4088,6.8729
2458374,"2018/09/12","Wed",1.3014,0.86060,0.76720,111.33,1.3978,6.8639
2458375,"2018/09/13","Thu",1.2997,0.85619,0.76327,111.75,1.3889,6.8405
2458376,"2018/09/14","Fri",1.3033,0.85834,0.76453,112.06,1.3946,6.8631
2458379,"2018/09/17","Mon",1.3019,0.85567,0.76037,111.94,1.3917,6.8593
2458380,"2018/09/18","Tue",1.2992,0.85592,0.76066,112.29,1.3870,6.8632
2458381,"2018/09/19","Wed",1.2947,0.85657,0.76069,112.29,1.3770,6.8503
2458382,"2018/09/20","Thu",1.2905,0.85013,0.75406,112.41,1.3730,6.8462
2458383,"2018/09/21","Fri",1.2916,0.85125,0.76408,112.61,1.3736,6.8556
2458386,"2018/09/24","Mon",1.2935,0.84953,0.76151,112.67,1.3769,6.8584
2458387,"2018/09/25","Tue",1.2948,0.84927,0.75950,112.89,1.3789,6.8690
2458388,"2018/09/26","Wed",1.2975,0.85115,0.75904,112.92,1.3777,6.8796
2458389,"2018/09/27","Thu",1.3045,0.85670,0.76282,113.24,1.3854,6.8875
2458390,"2018/09/28","Fri",1.2945,0.86185,0.76711,113.55,1.3836,6.8710
2458393,"2018/10/01","Mon",1.2803,0.86326,0.76651,114.01,1.3847,6.8686
2458394,"2018/10/02","Tue",1.2817,0.86595,0.77058,113.73,1.3910,6.8687
2458395,"2018/10/03","Wed",1.2832,0.86755,0.76977,114.16,1.4013,6.8694
2458396,"2018/10/04","Thu",1.2900,0.86875,0.76831,113.86,1.4126,6.8690
2458397,"2018/10/05","Fri",1.2936,0.86813,0.76386,113.77,1.4166,6.8699
2458401,"2018/10/09","Tue",1.2965,0.87142,0.76278,113.13,1.4119,6.9221
2458402,"2018/10/10","Wed",1.2992,0.86764,0.75795,112.78,1.4094,6.9254
2458403,"2018/10/11","Thu",1.3038,0.86384,0.75648,112.20,1.4059,6.8948
2458404,"2018/10/12","Fri",1.3031,0.86510,0.75947,112.14,1.4051,6.9203
2458407,"2018/10/15","Mon",1.2993,0.86315,0.76022,111.82,1.4009,6.9185
2458408,"2018/10/16","Tue",1.2938,0.86322,0.75745,112.21,1.4005,6.9113
2458409,"2018/10/17","Wed",1.2994,0.86754,0.76175,112.31,1.4040,6.9264
2458410,"2018/10/18","Thu",1.3057,0.87099,0.76567,112.27,1.4047,6.9378
2458411,"2018/10/19","Fri",1.3104,0.86989,0.76623,112.48,1.4024,6.9297
2458414,"2018/10/22","Mon",1.3105,0.87157,0.77075,112.78,1.4105,6.9449
2458415,"2018/10/23","Tue",1.3098,0.87152,0.76957,112.24,1.4134,6.9375
2458416,"2018/10/24","Wed",1.3029,0.87761,0.77521,112.51,1.4137,6.9451
2458417,"2018/10/25","Thu",1.3076,0.87888,0.77908,112.53,1.4119,6.9479
2458418,"2018/10/26","Fri",1.3108,0.87849,0.77996,111.84,1.4134,6.9465
2458421,"2018/10/29","Mon",1.3119,0.87841,0.78066,112.42,1.4138,6.9597
2458422,"2018/10/30","Tue",1.3133,0.88040,0.78547,112.83,1.4075,6.9671
2458423,"2018/10/31","Wed",1.3142,0.88344,0.78343,113.10,1.4119,6.9756
2458424,"2018/11/01","Thu",1.3088,0.87686,0.77124,112.73,1.3898,6.9285
2458425,"2018/11/02","Fri",1.3105,0.87712,0.77061,113.07,1.3885,6.8901
2458428,"2018/11/05","Mon",1.3096,0.87716,0.76769,113.19,1.3879,6.9254
2458429,"2018/11/06","Tue",1.3130,0.87586,0.76422,113.39,1.3842,6.9178
2458430,"2018/11/07","Wed",1.3096,0.87231,0.76078,113.29,1.3729,6.9181
2458431,"2018/11/08","Thu",1.3114,0.87660,0.76360,113.84,1.3732,6.9350
2458432,"2018/11/09","Fri",1.3206,0.88193,0.76927,113.84,1.3824,6.9578
2458436,"2018/11/13","Tue",1.3241,0.88711,0.77077,113.95,1.3875,6.9580
2458437,"2018/11/14","Wed",1.3235,0.88416,0.77019,113.70,1.3846,6.9512
2458438,"2018/11/15","Thu",1.3202,0.88337,0.78271,113.42,1.3751,6.9375
2458439,"2018/11/16","Fri",1.3154,0.87705,0.77880,112.81,1.3671,6.9378
2458442,"2018/11/19","Mon",1.3182,0.87356,0.77802,112.57,1.3710,6.9416
2458443,"2018/11/20","Tue",1.3259,0.87819,0.78063,112.65,1.3810,6.9455
2458444,"2018/11/21","Wed",1.3270,0.87741,0.78201,113.03,1.3765,6.9295
2458445,"2018/11/22","Thu",1.3205,0.87683,0.77672,112.96,1.3790,6.9318
2458446,"2018/11/23","Fri",1.3228,0.88187,0.78027,112.87,1.3833,6.9475
2458449,"2018/11/26","Mon",1.3230,0.88153,0.77961,113.46,1.3819,6.9412
2458450,"2018/11/27","Tue",1.3289,0.88487,0.78471,113.68,1.3844,6.9503
2458451,"2018/11/28","Wed",1.3302,0.88315,0.78128,113.79,1.3752,6.9535
2458452,"2018/11/29","Thu",1.3275,0.87867,0.78258,113.36,1.3667,6.9430
2458453,"2018/11/30","Fri",1.3301,0.88273,0.78407,113.59,1.3695,6.9566
2458456,"2018/12/03","Mon",1.3191,0.88128,0.78555,113.62,1.3581,6.8847
2458457,"2018/12/04","Tue",1.3219,0.88033,0.78526,112.79,1.3600,6.8351
2458458,"2018/12/05","Wed",1.3353,0.88139,0.78459,113.16,1.3748,6.8547
2458459,"2018/12/06","Thu",1.3404,0.87872,0.78244,112.54,1.3850,6.8844
2458460,"2018/12/07","Fri",1.3299,0.87753,0.78460,112.70,1.3860,6.8764
2458463,"2018/12/10","Mon",1.3379,0.87893,0.79481,113.00,1.3900,6.9106
2458464,"2018/12/11","Tue",1.3402,0.88252,0.79707,113.29,1.3878,6.9011
2458465,"2018/12/12","Wed",1.3346,0.88000,0.79148,113.29,1.3849,6.8829
2458466,"2018/12/13","Thu",1.3359,0.88050,0.79075,113.60,1.3835,6.8825
2458467,"2018/12/14","Fri",1.3379,0.88532,0.79580,113.48,1.3944,6.9071
2458470,"2018/12/17","Mon",1.3399,0.88134,0.79261,112.88,1.3928,6.8960
2458471,"2018/12/18","Tue",1.3454,0.87975,0.79057,112.49,1.3926,6.8960
2458472,"2018/12/19","Wed",1.3450,0.87628,0.79081,112.27,1.3961,6.8939
2458473,"2018/12/20","Thu",1.3495,0.87324,0.78950,111.34,1.4046,6.8852
2458474,"2018/12/21","Fri",1.3566,0.87789,0.79065,111.20,1.4142,6.9073
2458477,"2018/12/24","Mon",1.3589,0.87598,0.78704,110.57,1.4176,6.9015
2458480,"2018/12/27","Thu",1.3641,0.87543,0.79101,110.72,1.4232,6.8651
2458481,"2018/12/28","Fri",1.3638,0.87367,0.78796,110.34,1.4193,6.8775
2458484,"2018/12/31","Mon",1.3642,0.87376,0.78227,109.93,1.4187,6.8795
2458486,"2019/01/02","Wed",1.3600,0.88077,0.79333,109.24,1.4293,6.8618
2458487,"2019/01/03","Thu",1.3501,0.87806,0.79268,107.75,1.4285,6.8742
2458488,"2019/01/04","Fri",1.3410,0.87773,0.78725,108.41,1.4105,6.8699
2458491,"2019/01/07","Mon",1.3313,0.87207,0.78321,108.50,1.4008,6.8518
2458492,"2019/01/08","Tue",1.3293,0.87402,0.78582,108.69,1.4015,6.8521
2458493,"2019/01/09","Wed",1.3221,0.86815,0.78310,108.37,1.3934,6.8185
2458494,"2019/01/10","Thu",1.3234,0.86854,0.78391,108.30,1.3917,6.7867
2458495,"2019/01/11","Fri",1.3259,0.87104,0.77944,108.41,1.3882,6.7613
2458498,"2019/01/14","Mon",1.3269,0.87193,0.77710,108.23,1.3891,6.7664
2458499,"2019/01/15","Tue",1.3266,0.87628,0.78178,108.56,1.3901,6.7615
2458500,"2019/01/16","Wed",1.3248,0.87712,0.77719,108.86,1.3929,6.7592
2458501,"2019/01/17","Thu",1.3294,0.87813,0.77264,108.97,1.3942,6.7757
2458502,"2019/01/18","Fri",1.3260,0.87937,0.77535,109.68,1.3930,6.7791
2458505,"2019/01/21","Mon",1.3297,0.87972,0.77615,109.62,1.3978,6.7981
2458506,"2019/01/22","Tue",1.3340,0.88030,0.77230,109.34,1.4026,6.8096
2458507,"2019/01/23","Wed",1.3348,0.87879,0.76567,109.68,1.4014,6.7929
2458508,"2019/01/24","Thu",1.3351,0.88283,0.76695,109.61,1.4094,6.7909
2458509,"2019/01/25","Fri",1.3256,0.87759,0.75992,109.74,1.3957,6.7495
2458512,"2019/01/28","Mon",1.3260,0.87490,0.75984,109.32,1.3949,6.7447
2458513,"2019/01/29","Tue",1.3266,0.87524,0.76053,109.37,1.3979,6.7340
2458514,"2019/01/30","Wed",1.3192,0.87457,0.76453,109.48,1.3878,6.7169
2458515,"2019/01/31","Thu",1.3144,0.87243,0.76224,108.81,1.3748,6.7027
2458516,"2019/02/01","Fri",1.3095,0.87213,0.76454,109.40,1.3778,6.7430
2458519,"2019/02/04","Mon",1.3127,0.87449,0.76605,109.94,1.3853,6.7456
2458520,"2019/02/05","Tue",1.3134,0.87607,0.77168,109.91,1.3819,6.7458
2458521,"2019/02/06","Wed",1.3190,0.87898,0.77211,109.83,1.4035,6.7433
2458522,"2019/02/07","Thu",1.3285,0.88103,0.77131,109.79,1.4078,6.7436
2458523,"2019/02/08","Fri",1.3270,0.88249,0.77263,109.76,1.4102,6.7463
2458526,"2019/02/11","Mon",1.3294,0.88627,0.77711,110.42,1.4155,6.7930
2458527,"2019/02/12","Tue",1.3248,0.88379,0.77578,110.49,1.4095,6.7730
2458528,"2019/02/13","Wed",1.3240,0.88621,0.77681,110.89,1.4075,6.7620
2458529,"2019/02/14","Thu",1.3298,0.88565,0.78145,110.63,1.4084,6.7709
2458530,"2019/02/15","Fri",1.3266,0.88671,0.77802,110.46,1.4032,6.7718
2458534,"2019/02/19","Tue",1.3238,0.88265,0.76778,110.59,1.3991,6.7610
2458535,"2019/02/20","Wed",1.3169,0.88099,0.76573,110.76,1.3950,6.7223
2458536,"2019/02/21","Thu",1.3196,0.88191,0.76623,110.70,1.4109,6.7189
2458537,"2019/02/22","Fri",1.3173,0.88184,0.76663,110.70,1.4017,6.7141
2458540,"2019/02/25","Mon",1.3174,0.88079,0.76460,110.99,1.3942,6.6907
2458541,"2019/02/26","Tue",1.3195,0.87926,0.75594,110.70,1.3945,6.6980
2458542,"2019/02/27","Wed",1.3145,0.87903,0.75110,110.93,1.4005,6.6862
2458543,"2019/02/28","Thu",1.3169,0.87852,0.75320,111.32,1.4072,6.6916
2458544,"2019/03/01","Fri",1.3260,0.87914,0.75629,111.90,1.4108,6.7071
2458547,"2019/03/04","Mon",1.3317,0.88256,0.75846,111.81,1.4114,6.7054
2458548,"2019/03/05","Tue",1.3345,0.88430,0.76079,111.86,1.4126,6.7060
2458549,"2019/03/06","Wed",1.3420,0.88412,0.76004,111.74,1.4228,6.7100
2458550,"2019/03/07","Thu",1.3438,0.89088,0.76322,111.61,1.4229,6.7123
2458551,"2019/03/08","Fri",1.3422,0.88999,0.76767,111.11,1.4197,6.7211
2458554,"2019/03/11","Mon",1.3414,0.88970,0.76337,111.23,1.4169,6.7272
2458555,"2019/03/12","Tue",1.3378,0.88619,0.76376,111.30,1.4118,6.7091
2458556,"2019/03/13","Wed",1.3326,0.88433,0.75763,111.24,1.4132,6.7066
2458557,"2019/03/14","Thu",1.3327,0.88481,0.75447,111.71,1.4170,6.7240
2458558,"2019/03/15","Fri",1.3342,0.88317,0.75323,111.56,1.4116,6.7146
2458561,"2019/03/18","Mon",1.3345,0.88191,0.75549,111.49,1.4089,6.7128
2458562,"2019/03/19","Tue",1.3292,0.88085,0.75356,111.42,1.4090,6.7131
2458563,"2019/03/20","Wed",1.3317,0.87924,0.75781,111.25,1.4077,6.6953
2458564,"2019/03/21","Thu",1.3366,0.87969,0.76377,110.74,1.4058,6.6964
2458565,"2019/03/22","Fri",1.3411,0.88557,0.75820,110.02,1.4106,6.7156
2458568,"2019/03/25","Mon",1.3420,0.88348,0.75751,110.00,1.4070,6.7100
2458569,"2019/03/26","Tue",1.3386,0.88596,0.75623,110.54,1.4008,6.7165
2458570,"2019/03/27","Wed",1.3414,0.88829,0.75602,110.40,1.4117,6.7272
2458571,"2019/03/28","Thu",1.3429,0.89064,0.76444,110.62,1.4130,6.7381
2458572,"2019/03/29","Fri",1.3363,0.89075,0.76720,110.80,1.4092,6.7117
2458575,"2019/04/01","Mon",1.3337,0.89145,0.76211,111.23,1.4049,6.7121
2458576,"2019/04/02","Tue",1.3344,0.89311,0.76531,111.39,1.4154,6.7224
2458577,"2019/04/03","Wed",1.3324,0.88975,0.75994,111.50,1.4046,6.7123
2458578,"2019/04/04","Thu",1.3357,0.89142,0.76400,111.59,1.4060,6.7188
2458579,"2019/04/05","Fri",1.3386,0.89121,0.76759,111.74,1.4077,6.7199
2458582,"2019/04/08","Mon",1.3325,0.88786,0.76589,111.41,1.4037,6.7162
2458583,"2019/04/09","Tue",1.3316,0.88708,0.76634,111.15,1.4020,6.7117
2458584,"2019/04/10","Wed",1.3326,0.88781,0.76393,110.96,1.3974,6.7167
2458585,"2019/04/11","Thu",1.3378,0.88796,0.76511,111.48,1.4023,6.7192
2458586,"2019/04/12","Fri",1.3329,0.88435,0.76362,112.01,1.3931,6.7047
2458589,"2019/04/15","Mon",1.3354,0.88449,0.76317,112.03,1.3937,6.7072
2458590,"2019/04/16","Tue",1.3361,0.88554,0.76585,111.99,1.3944,6.7107
2458591,"2019/04/17","Wed",1.3332,0.88502,0.76687,112.03,1.3937,6.6894
2458592,"2019/04/18","Thu",1.3382,0.88988,0.76930,111.98,1.3988,6.7078
2458596,"2019/04/22","Mon",1.3353,0.88836,0.77020,111.93,1.4017,6.7134
2458597,"2019/04/23","Tue",1.3421,0.89176,0.77225,111.84,1.4095,6.7239
2458598,"2019/04/24","Wed",1.3475,0.89458,0.77318,111.92,1.4240,6.7207
2458599,"2019/04/25","Thu",1.3493,0.89798,0.77546,111.60,1.4269,6.7431
2458600,"2019/04/26","Fri",1.3460,0.89644,0.77374,111.61,1.4198,6.7300
2458603,"2019/04/29","Mon",1.3456,0.89534,0.77373,111.76,1.4179,6.7347
2458604,"2019/04/30","Tue",1.3423,0.89160,0.76734,111.39,1.4191,6.7351
2458605,"2019/05/01","Wed",1.3416,0.89025,0.76488,111.24,1.4213,6.7349
2458606,"2019/05/02","Thu",1.3462,0.89419,0.76737,111.53,1.4277,6.7344
2458607,"2019/05/03","Fri",1.3429,0.89402,0.76253,111.26,1.4254,6.7347
2458610,"2019/05/06","Mon",1.3456,0.89302,0.76359,110.84,1.4298,6.7652
2458611,"2019/05/07","Tue",1.3476,0.89435,0.76599,110.37,1.4274,6.7753
2458612,"2019/05/08","Wed",1.3466,0.89315,0.76883,110.11,1.4286,6.7805
2458613,"2019/05/09","Thu",1.3483,0.89132,0.76848,109.71,1.4322,6.8268
2458614,"2019/05/10","Fri",1.3418,0.88985,0.76788,109.71,1.4285,6.8250
2458617,"2019/05/13","Mon",1.3457,0.88954,0.77020,109.23,1.4379,6.8763
2458618,"2019/05/14","Tue",1.3469,0.89199,0.77421,109.59,1.4401,6.8790
2458619,"2019/05/15","Wed",1.3451,0.89286,0.77783,109.45,1.4439,6.8768
2458620,"2019/05/16","Thu",1.3439,0.89438,0.78134,109.80,1.4488,6.8812
2458621,"2019/05/17","Fri",1.3468,0.89560,0.78517,109.85,1.4547,6.9173
2458625,"2019/05/21","Tue",1.3413,0.89617,0.78572,110.58,1.4540,6.9032
2458626,"2019/05/22","Wed",1.3410,0.89603,0.78966,110.28,1.4530,6.9053
2458627,"2019/05/23","Thu",1.3478,0.89596,0.79003,109.67,1.4517,6.9118
2458628,"2019/05/24","Fri",1.3447,0.89266,0.78762,109.41,1.4453,6.8994
2458631,"2019/05/27","Mon",1.3442,0.89322,0.78876,109.55,1.4455,6.8969
2458632,"2019/05/28","Tue",1.3477,0.89471,0.78942,109.48,1.4435,6.9113
2458633,"2019/05/29","Wed",1.3514,0.89770,0.79150,109.43,1.4460,6.9125
2458634,"2019/05/30","Thu",1.3501,0.89821,0.79282,109.68,1.4466,6.9023
2458635,"2019/05/31","Fri",1.3527,0.89595,0.79268,108.56,1.4430,6.9051
2458638,"2019/06/03","Mon",1.3470,0.89146,0.79100,108.28,1.4359,6.9042
2458639,"2019/06/04","Tue",1.3414,0.88923,0.78813,108.18,1.4311,6.9073
2458640,"2019/06/05","Wed",1.3401,0.88890,0.78681,108.25,1.4330,6.9077
2458641,"2019/06/06","Thu",1.3378,0.88649,0.78685,108.24,1.4320,6.9101
2458642,"2019/06/07","Fri",1.3283,0.88265,0.78472,108.08,1.4280,6.9110
2458645,"2019/06/10","Mon",1.3267,0.88405,0.78844,108.48,1.4360,6.9316
2458646,"2019/06/11","Tue",1.3278,0.88320,0.78629,108.57,1.4373,6.9120
2458647,"2019/06/12","Wed",1.3303,0.88439,0.78665,108.42,1.4408,6.9178
2458648,"2019/06/13","Thu",1.3324,0.88667,0.78831,108.41,1.4465,6.9216
2458649,"2019/06/14","Fri",1.3385,0.89097,0.79323,108.47,1.4546,6.9245
2458652,"2019/06/17","Mon",1.3407,0.89048,0.79581,108.56,1.4579,6.9251
2458653,"2019/06/18","Tue",1.3394,0.89329,0.79740,108.45,1.4563,6.9077
2458654,"2019/06/19","Wed",1.3343,0.89143,0.79196,108.30,1.4551,6.9027
2458655,"2019/06/20","Thu",1.3191,0.88548,0.78766,107.51,1.4445,6.8525
2458656,"2019/06/21","Fri",1.3212,0.88192,0.78737,107.50,1.4450,6.8705
2458659,"2019/06/24","Mon",1.3194,0.87790,0.78545,107.36,1.4368,6.8755
2458660,"2019/06/25","Tue",1.3174,0.87868,0.78670,107.11,1.4354,6.8794
2458661,"2019/06/26","Wed",1.3130,0.87938,0.78816,107.71,1.4315,6.8779
2458662,"2019/06/27","Thu",1.3111,0.87970,0.78844,107.82,1.4285,6.8752
2458663,"2019/06/28","Fri",1.3087,0.87909,0.78724,107.80,1.4261,6.8662
2458667,"2019/07/02","Tue",1.3114,0.88512,0.79291,108.02,1.4301,6.8732
2458668,"2019/07/03","Wed",1.3073,0.88625,0.79520,107.77,1.4222,6.8805
2458669,"2019/07/04","Thu",1.3059,0.88638,0.79497,107.84,1.4243,6.8732
2458670,"2019/07/05","Fri",1.3099,0.89097,0.79906,108.53,1.4330,6.8906
2458673,"2019/07/08","Mon",1.3081,0.89162,0.79913,108.65,1.4337,6.8811
2458674,"2019/07/09","Tue",1.3127,0.89226,0.80238,108.85,1.4433,6.8872
2458675,"2019/07/10","Wed",1.3092,0.88892,0.79976,108.56,1.4374,6.8761
2458676,"2019/07/11","Thu",1.3071,0.88816,0.79769,108.38,1.4331,6.8686
2458677,"2019/07/12","Fri",1.3038,0.88821,0.79641,108.02,1.4273,6.8802
2458680,"2019/07/15","Mon",1.3039,0.88803,0.79857,107.94,1.4218,6.8771
2458681,"2019/07/16","Tue",1.3052,0.89177,0.80548,108.23,1.4240,6.8767
2458682,"2019/07/17","Wed",1.3053,0.89105,0.80450,108.14,1.4262,6.8736
2458683,"2019/07/18","Thu",1.3069,0.89032,0.80036,107.74,1.4195,6.8784
2458684,"2019/07/19","Fri",1.3071,0.89100,0.79950,107.76,1.4183,6.8795
2458687,"2019/07/22","Mon",1.3103,0.89154,0.80126,107.84,1.4198,6.8818
2458688,"2019/07/23","Tue",1.3142,0.89639,0.80365,108.16,1.4272,6.8806
2458689,"2019/07/24","Wed",1.3137,0.89746,0.80060,108.12,1.4328,6.8744
2458690,"2019/07/25","Thu",1.3146,0.89691,0.80193,108.55,1.4378,6.8719
2458691,"2019/07/26","Fri",1.3182,0.89869,0.80663,108.67,1.4468,6.8800
2458694,"2019/07/29","Mon",1.3159,0.89804,0.81713,108.75,1.4488,6.8931
2458695,"2019/07/30","Tue",1.3168,0.89682,0.82208,108.65,1.4544,6.8834
2458696,"2019/07/31","Wed",1.3148,0.89889,0.81955,108.66,1.4538,6.8838
2458697,"2019/08/01","Thu",1.3217,0.90397,0.82431,108.07,1.4624,6.8982
2458698,"2019/08/02","Fri",1.3225,0.90052,0.82373,106.65,1.4721,6.9386
2458702,"2019/08/06","Tue",1.3253,0.89354,0.82220,106.45,1.4768,7.0233
2458703,"2019/08/07","Wed",1.3322,0.89134,0.82311,105.90,1.4810,7.0599
2458704,"2019/08/08","Thu",1.3257,0.89285,0.82403,106.06,1.4694,7.0441
2458705,"2019/08/09","Fri",1.3221,0.89247,0.82864,105.60,1.4706,7.0625
2458708,"2019/08/12","Mon",1.3234,0.89184,0.82775,105.28,1.4808,7.0581
2458709,"2019/08/13","Tue",1.3236,0.89384,0.82870,106.31,1.4733,7.0479
2458710,"2019/08/14","Wed",1.3311,0.89685,0.82904,105.90,1.4823,7.0243
2458711,"2019/08/15","Thu",1.3325,0.89985,0.82533,106.09,1.4751,7.0354
2458712,"2019/08/16","Fri",1.3286,0.90191,0.82287,106.29,1.4744,7.0408
2458715,"2019/08/19","Mon",1.3298,0.90138,0.82427,106.55,1.4766,7.0509
2458716,"2019/08/20","Tue",1.3323,0.90160,0.82347,106.33,1.4754,7.0604
2458717,"2019/08/21","Wed",1.3278,0.90118,0.82411,106.48,1.4726,7.0628
2458718,"2019/08/22","Thu",1.3293,0.90220,0.81682,106.43,1.4788,7.0820
2458719,"2019/08/23","Fri",1.3310,0.89969,0.81566,105.80,1.4812,7.0911
2458722,"2019/08/26","Mon",1.3279,0.90009,0.81782,106.06,1.4761,7.1508
2458723,"2019/08/27","Tue",1.3267,0.90123,0.81393,105.80,1.4797,7.1636
2458724,"2019/08/28","Wed",1.3301,0.90244,0.81827,105.90,1.4830,7.1626
2458725,"2019/08/29","Thu",1.3296,0.90412,0.81998,106.45,1.4848,7.1446
2458726,"2019/08/30","Fri",1.3295,0.90881,0.82144,106.28,1.4861,7.1555
2458730,"2019/09/03","Tue",1.3343,0.91228,0.82840,105.98,1.4814,7.1775
2458731,"2019/09/04","Wed",1.3263,0.90706,0.81967,106.27,1.4719,7.1460
2458732,"2019/09/05","Thu",1.3228,0.90516,0.81119,106.94,1.4667,7.1503
2458733,"2019/09/06","Fri",1.3174,0.90587,0.81276,106.85,1.4599,7.1172
2458736,"2019/09/09","Mon",1.3155,0.90468,0.80939,107.04,1.4558,7.1224
2458737,"2019/09/10","Tue",1.3153,0.90573,0.80946,107.37,1.4577,7.1097
2458738,"2019/09/11","Wed",1.3181,0.90885,0.81104,107.78,1.4574,7.1172
2458739,"2019/09/12","Thu",1.3205,0.90575,0.81052,107.97,1.4549,7.0804
2458740,"2019/09/13","Fri",1.3257,0.90282,0.80243,108.13,1.4531,7.0780
2458743,"2019/09/16","Mon",1.3248,0.90833,0.80457,107.97,1.4569,7.0694
2458744,"2019/09/17","Tue",1.3257,0.90461,0.80142,108.13,1.4589,7.0931
2458745,"2019/09/18","Wed",1.3271,0.90470,0.80139,108.25,1.4619,7.0854
2458746,"2019/09/19","Thu",1.3259,0.90462,0.79989,107.97,1.4708,7.0980
2458747,"2019/09/20","Fri",1.3275,0.90788,0.80100,107.84,1.4768,7.0913
2458750,"2019/09/23","Mon",1.3270,0.90990,0.80468,107.45,1.4771,7.1191
2458751,"2019/09/24","Tue",1.3249,0.90846,0.80112,107.37,1.4713,7.1155
2458752,"2019/09/25","Wed",1.3270,0.91253,0.80860,107.71,1.4810,7.1306
2458753,"2019/09/26","Thu",1.3260,0.91429,0.81012,107.72,1.4794,7.1329
2458754,"2019/09/27","Fri",1.3249,0.91398,0.81247,107.98,1.4785,7.1231
2458757,"2019/09/30","Mon",1.3243,0.91723,0.81295,108.11,1.4811,7.1468
2458758,"2019/10/01","Tue",1.3244,0.91565,0.81542,107.94,1.4935,7.1473
2458759,"2019/10/02","Wed",1.3294,0.91330,0.81319,107.30,1.4930,7.1473
2458760,"2019/10/03","Thu",1.3330,0.91102,0.80817,106.90,1.4836,7.1474
2458761,"2019/10/04","Fri",1.3317,0.91094,0.81196,106.88,1.4779,7.1482
2458764,"2019/10/07","Mon",1.3306,0.91037,0.81208,107.13,1.4837,7.1499
2458765,"2019/10/08","Tue",1.3323,0.91235,0.81887,107.10,1.4851,7.1437
2458766,"2019/10/09","Wed",1.3324,0.91098,0.81863,107.45,1.4851,7.1328
2458767,"2019/10/10","Thu",1.3294,0.90781,0.81017,107.82,1.4788,7.1167
2458768,"2019/10/11","Fri",1.3198,0.90540,0.78983,108.45,1.4709,7.0919
2458772,"2019/10/15","Tue",1.3211,0.90735,0.78590,108.73,1.4804,7.0836
2458773,"2019/10/16","Wed",1.3201,0.90399,0.77970,108.74,1.4818,7.0935
2458774,"2019/10/17","Thu",1.3143,0.89910,0.77848,108.62,1.4654,7.0775
2458775,"2019/10/18","Fri",1.3132,0.89675,0.77448,108.44,1.4601,7.0831
2458778,"2019/10/21","Mon",1.3096,0.89662,0.77031,108.59,1.4558,7.0751
2458779,"2019/10/22","Tue",1.3094,0.89802,0.77356,108.57,1.4573,7.0778
2458780,"2019/10/23","Wed",1.3086,0.89907,0.77593,108.60,1.4603,7.0697
2458781,"2019/10/24","Thu",1.3075,0.89993,0.77777,108.60,1.4655,7.0714
2458782,"2019/10/25","Fri",1.3064,0.90202,0.77980,108.69,1.4654,7.0654
2458785,"2019/10/28","Mon",1.3056,0.90122,0.77779,108.89,1.4632,7.0688
2458786,"2019/10/29","Tue",1.3075,0.90048,0.77703,108.87,1.4576,7.0676
2458787,"2019/10/30","Wed",1.3152,0.89947,0.77652,108.87,1.4560,7.0558
2458788,"2019/10/31","Thu",1.3160,0.89701,0.77257,108.05,1.4506,7.0412
2458789,"2019/11/01","Fri",1.3157,0.89607,0.77249,108.11,1.4474,7.0396
2458792,"2019/11/04","Mon",1.3148,0.89735,0.77514,108.57,1.4503,7.0310
2458793,"2019/11/05","Tue",1.3153,0.90275,0.77631,109.06,1.4498,7.0075
2458794,"2019/11/06","Wed",1.3179,0.90292,0.77720,108.92,1.4521,6.9989
2458795,"2019/11/07","Thu",1.3176,0.90476,0.78006,109.25,1.4493,6.9788
2458796,"2019/11/08","Fri",1.3223,0.90718,0.78173,109.19,1.4584,6.9963
2458800,"2019/11/12","Tue",1.3228,0.90796,0.77816,109.05,1.4613,7.0064
2458801,"2019/11/13","Wed",1.3249,0.90871,0.77889,108.78,1.4640,7.0249
2458802,"2019/11/14","Thu",1.3258,0.90814,0.77728,108.49,1.4749,7.0222
2458803,"2019/11/15","Fri",1.3231,0.90512,0.77515,108.81,1.4683,7.0079
2458806,"2019/11/18","Mon",1.3214,0.90303,0.77153,108.67,1.4681,7.0250
2458807,"2019/11/19","Tue",1.3237,0.90263,0.77337,108.59,1.4648,7.0260
2458808,"2019/11/20","Wed",1.3304,0.90362,0.77425,108.60,1.4699,7.0354
2458809,"2019/11/21","Thu",1.3285,0.90356,0.77400,108.63,1.4720,7.0291
2458810,"2019/11/22","Fri",1.3287,0.90628,0.77884,108.64,1.4737,7.0413
2458813,"2019/11/25","Mon",1.3307,0.90820,0.77569,108.90,1.4759,7.0370
2458814,"2019/11/26","Tue",1.3288,0.90759,0.77776,109.01,1.4740,7.0344
2458815,"2019/11/27","Wed",1.3278,0.90895,0.77581,109.37,1.4750,7.0291
2458816,"2019/11/28","Thu",1.3285,0.90850,0.77459,109.52,1.4778,7.0365
2458817,"2019/11/29","Fri",1.3289,0.90815,0.77388,109.46,1.4785,7.0312
2458820,"2019/12/02","Mon",1.3297,0.90364,0.77304,109.17,1.4680,7.0392
2458821,"2019/12/03","Tue",1.3302,0.90232,0.76935,108.59,1.4618,7.0605
2458822,"2019/12/04","Wed",1.3223,0.90229,0.76358,108.83,1.4601,7.0523
2458823,"2019/12/05","Thu",1.3174,0.90097,0.76040,108.79,1.4641,7.0449
2458824,"2019/12/06","Fri",1.3255,0.90428,0.76174,108.65,1.4624,7.0356
2458827,"2019/12/09","Mon",1.3235,0.90354,0.76033,108.57,1.4640,7.0399
2458828,"2019/12/10","Tue",1.3233,0.90192,0.75864,108.73,1.4681,7.0351
2458829,"2019/12/11","Wed",1.3201,0.90097,0.75877,108.65,1.4574,7.0405
2458830,"2019/12/12","Thu",1.3182,0.89918,0.76139,109.12,1.4500,6.9968
2458831,"2019/12/13","Fri",1.3183,0.89815,0.74972,109.31,1.4536,6.9862
2458834,"2019/12/16","Mon",1.3142,0.89725,0.74964,109.52,1.4512,6.9941
2458835,"2019/12/17","Tue",1.3160,0.89664,0.76127,109.48,1.4603,6.9963
2458836,"2019/12/18","Wed",1.3119,0.89942,0.76460,109.60,1.4588,7.0043
2458837,"2019/12/19","Thu",1.3122,0.89914,0.76750,109.26,1.4538,7.0096
2458838,"2019/12/20","Fri",1.3164,0.90263,0.76740,109.43,1.4490,7.0059
2458841,"2019/12/23","Mon",1.3160,0.90186,0.77335,109.39,1.4455,7.0112
2458842,"2019/12/24","Tue",1.3157,0.90215,0.77185,109.37,1.4446,7.0058
2458845,"2019/12/27","Fri",1.3078,0.89508,0.76372,109.44,1.4332,6.9973
2458848,"2019/12/30","Mon",1.3059,0.89256,0.76181,108.92,1.4286,6.9872
2458849,"2019/12/31","Tue",1.2988,0.89063,0.75626,108.60,1.4238,6.9641
2458851,"2020/01/02","Thu",1.2992,0.89477,0.76043,108.54,1.4310,6.9625
2458852,"2020/01/03","Fri",1.2988,0.89591,0.76432,108.05,1.4375,6.9678
2458855,"2020/01/06","Mon",1.2970,0.89356,0.76008,108.26,1.4418,6.9769
2458856,"2020/01/07","Tue",1.3009,0.89705,0.76210,108.50,1.4561,6.9455
2458857,"2020/01/08","Wed",1.3026,0.89959,0.76296,108.91,1.4566,6.9472
2458858,"2020/01/09","Thu",1.3079,0.90039,0.76597,109.45,1.4587,6.9311
2458859,"2020/01/10","Fri",1.3051,0.89982,0.76554,109.58,1.4496,6.9199
2458862,"2020/01/13","Mon",1.3048,0.89813,0.76984,109.92,1.4477,6.8928
2458863,"2020/01/14","Tue",1.3062,0.89897,0.76858,110.04,1.4488,6.8856
2458864,"2020/01/15","Wed",1.3050,0.89666,0.76783,109.94,1.4492,6.8902
2458865,"2020/01/16","Thu",1.3045,0.89767,0.76551,110.08,1.4490,6.8803
2458866,"2020/01/17","Fri",1.3062,0.90126,0.76759,110.13,1.4534,6.8603
2458869,"2020/01/20","Mon",1.3053,0.90201,0.76927,110.15,1.4560,6.8664
2458870,"2020/01/21","Tue",1.3067,0.90105,0.76603,109.90,1.4587,6.9064
2458871,"2020/01/22","Wed",1.3116,0.90200,0.76145,109.94,1.4614,6.9068
2458872,"2020/01/23","Thu",1.3143,0.90436,0.76262,109.43,1.4603,6.9356
2458873,"2020/01/24","Fri",1.3140,0.90664,0.76444,109.32,1.4644,6.9377
2458876,"2020/01/27","Mon",1.3182,0.90754,0.76591,108.94,1.4788,6.9379
2458877,"2020/01/28","Tue",1.3179,0.90833,0.76926,109.10,1.4810,6.9363
2458878,"2020/01/29","Wed",1.3196,0.90882,0.76873,109.15,1.4822,6.9380
2458879,"2020/01/30","Thu",1.3217,0.90658,0.76386,108.78,1.4901,6.9381
2458880,"2020/01/31","Fri",1.3233,0.90309,0.75899,108.56,1.4936,6.9355
2458883,"2020/02/03","Mon",1.3275,0.90423,0.76850,108.63,1.4944,7.0201
2458884,"2020/02/04","Tue",1.3278,0.90561,0.76743,109.37,1.4857,6.9995
2458885,"2020/02/05","Wed",1.3289,0.90884,0.76940,109.74,1.4813,6.9722
2458886,"2020/02/06","Thu",1.3290,0.91052,0.77276,109.93,1.4838,6.9691
2458887,"2020/02/07","Fri",1.3305,0.91293,0.77431,109.78,1.4978,6.9990
2458890,"2020/02/10","Mon",1.3319,0.91552,0.77378,109.71,1.4969,6.9843
2458891,"2020/02/11","Tue",1.3292,0.91606,0.77212,109.85,1.4893,6.9665
2458892,"2020/02/12","Wed",1.3254,0.91844,0.77116,109.99,1.4835,6.9721
2458893,"2020/02/13","Thu",1.3256,0.92196,0.76642,109.83,1.4861,6.9768
2458894,"2020/02/14","Fri",1.3249,0.92212,0.76744,109.77,1.4891,6.9879
2458898,"2020/02/18","Tue",1.3258,0.92545,0.76845,109.84,1.4952,6.9963
2458899,"2020/02/19","Wed",1.3231,0.92641,0.77288,111.09,1.4981,6.9968
2458900,"2020/02/20","Thu",1.3254,0.92608,0.77663,112.04,1.5108,7.0239
2458901,"2020/02/21","Fri",1.3224,0.92211,0.77162,111.69,1.5098,7.0266
2458904,"2020/02/24","Mon",1.3279,0.92170,0.77388,110.75,1.5133,7.0296
2458905,"2020/02/25","Tue",1.3281,0.92031,0.76942,110.22,1.5156,7.0121
2458906,"2020/02/26","Wed",1.3307,0.91925,0.77407,110.43,1.5243,7.0222
2458907,"2020/02/27","Thu",1.3361,0.91065,0.77608,109.97,1.5195,7.0063
2458908,"2020/02/28","Fri",1.3429,0.90945,0.78121,108.21,1.5386,6.9906
2458911,"2020/03/02","Mon",1.3356,0.89698,0.78247,107.80,1.5304,6.9599
2458912,"2020/03/03","Tue",1.3363,0.89612,0.78091,107.42,1.5154,6.9671
2458913,"2020/03/04","Wed",1.3392,0.89867,0.77897,107.39,1.5115,6.9281
2458914,"2020/03/05","Thu",1.3415,0.89308,0.77329,106.55,1.5158,6.9364
2458915,"2020/03/06","Fri",1.3421,0.88372,0.76841,105.35,1.5076,6.9323
2458918,"2020/03/09","Mon",1.3598,0.87396,0.76243,102.24,1.5102,6.9484
2458919,"2020/03/10","Tue",1.3731,0.88183,0.77132,104.42,1.5357,6.9559
2458920,"2020/03/11","Wed",1.3745,0.88501,0.77572,104.68,1.5347,6.9560
2458921,"2020/03/12","Thu",1.3820,0.89508,0.79307,105.02,1.5791,7.0259
2458922,"2020/03/13","Fri",1.3901,0.90091,0.80539,107.43,1.6085,7.0030
2458925,"2020/03/16","Mon",1.3964,0.89662,0.81546,105.87,1.6305,7.0030
2458926,"2020/03/17","Tue",1.4175,0.91017,0.82817,107.31,1.6684,7.0104
2458927,"2020/03/18","Wed",1.4496,0.91910,0.85316,108.02,1.7149,7.0437
2458928,"2020/03/19","Thu",1.4495,0.93185,0.86049,110.14,1.7207,7.1089
2458929,"2020/03/20","Fri",1.4332,0.93508,0.85259,110.93,1.7115,7.0915
2458932,"2020/03/23","Mon",1.4482,0.92929,0.86548,110.97,1.7253,7.0886
2458933,"2020/03/24","Tue",1.4491,0.92689,0.85156,111.30,1.6903,7.0619
2458934,"2020/03/25","Wed",1.4302,0.92301,0.84712,111.39,1.6743,7.1119
2458935,"2020/03/26","Thu",1.4077,0.90896,0.82762,109.55,1.6546,7.0739
2458936,"2020/03/27","Fri",1.4056,0.90538,0.81000,108.21,1.6365,7.0954
2458939,"2020/03/30","Mon",1.4156,0.90668,0.80670,107.98,1.6253,7.0993
2458940,"2020/03/31","Tue",1.4187,0.91036,0.80590,107.97,1.6352,7.0864
2458941,"2020/04/01","Wed",1.4217,0.91498,0.80678,107.22,1.6455,7.1014
2458942,"2020/04/02","Thu",1.4179,0.92095,0.80737,107.66,1.6547,7.0860
2458943,"2020/04/03","Fri",1.4142,0.92631,0.81599,108.45,1.6663,7.0923
2458946,"2020/04/06","Mon",1.4127,0.92630,0.81363,109.09,1.6431,7.0919
2458947,"2020/04/07","Tue",1.3986,0.91742,0.81017,108.93,1.6146,7.0494
2458948,"2020/04/08","Wed",1.4034,0.92002,0.80706,108.79,1.6090,7.0665
2458949,"2020/04/09","Thu",1.3985,0.91543,0.80286,108.49,1.5861,7.0453
2458953,"2020/04/13","Mon",1.3936,0.91630,0.79940,107.70,1.5674,7.0526
2458954,"2020/04/14","Tue",1.3904,0.91156,0.79343,107.20,1.5584,7.0507
2458955,"2020/04/15","Wed",1.4086,0.91706,0.79925,107.53,1.5822,7.0677
2458956,"2020/04/16","Thu",1.4122,0.92114,0.80252,107.64,1.5860,7.0787
2458957,"2020/04/17","Fri",1.4037,0.91974,0.80033,107.56,1.5728,7.0715
2458960,"2020/04/20","Mon",1.4086,0.92017,0.80312,107.69,1.5702,7.0748
2458961,"2020/04/21","Tue",1.4203,0.92155,0.81388,107.68,1.5914,7.0944
2458962,"2020/04/22","Wed",1.4155,0.92305,0.81118,107.81,1.5828,7.0846
2458963,"2020/04/23","Thu",1.4063,0.92611,0.80929,107.60,1.5673,7.0704
2458964,"2020/04/24","Fri",1.4090,0.92606,0.81010,107.48,1.5683,7.0804
2458967,"2020/04/27","Mon",1.4053,0.92290,0.80524,107.19,1.5480,7.0867
2458968,"2020/04/28","Tue",1.3978,0.92209,0.80333,106.78,1.5391,7.0775
2458969,"2020/04/29","Wed",1.3922,0.92095,0.80404,106.68,1.5307,7.0778
2458970,"2020/04/30","Thu",1.3910,0.91598,0.79595,106.92,1.5328,7.0609
2458971,"2020/05/01","Fri",1.4066,0.91024,0.79911,106.80,1.5556,7.0612
2458974,"2020/05/04","Mon",1.4085,0.91634,0.80435,106.87,1.5589,7.0637
2458975,"2020/05/05","Tue",1.4032,0.92164,0.80311,106.55,1.5498,7.0619
2458976,"2020/05/06","Wed",1.4124,0.92531,0.80903,106.12,1.5564,7.1046
2458977,"2020/05/07","Thu",1.4015,0.92563,0.81058,106.42,1.5445,7.0854
2458978,"2020/05/08","Fri",1.3934,0.92223,0.80585,106.61,1.5319,7.0731
2458981,"2020/05/11","Mon",1.4012,0.92452,0.81079,107.62,1.5425,7.0983
2458982,"2020/05/12","Tue",1.4015,0.92077,0.81232,107.31,1.5372,7.0819
2458983,"2020/05/13","Wed",1.4073,0.92252,0.81644,107.02,1.5461,7.0897
2458984,"2020/05/14","Thu",1.4090,0.92661,0.81985,107.15,1.5559,7.0982
2458985,"2020/05/15","Fri",1.4094,0.92432,0.82397,107.18,1.5572,7.1038
2458989,"2020/05/19","Tue",1.3893,0.91425,0.81604,107.86,1.5250,7.1028
2458990,"2020/05/20","Wed",1.3892,0.91071,0.81626,107.52,1.5169,7.0950
2458991,"2020/05/21","Thu",1.3935,0.91192,0.81764,107.69,1.5216,7.1133
2458992,"2020/05/22","Fri",1.4015,0.91769,0.82118,107.56,1.5322,7.1323
2458995,"2020/05/25","Mon",1.3984,0.91759,0.82018,107.73,1.5280,7.1347
2458996,"2020/05/26","Tue",1.3804,0.91091,0.81043,107.59,1.5037,7.1338
2458997,"2020/05/27","Wed",1.3780,0.90993,0.81625,107.74,1.5146,7.1696
2458998,"2020/05/28","Thu",1.3764,0.90410,0.81199,107.70,1.5034,7.1464
2458999,"2020/05/29","Fri",1.3787,0.90029,0.81086,107.63,1.5045,7.1361
2459002,"2020/06/01","Mon",1.3630,0.89896,0.80280,107.66,1.4769,7.1324
2459003,"2020/06/02","Tue",1.3515,0.89497,0.79716,108.55,1.4545,7.1019
2459004,"2020/06/03","Wed",1.3504,0.89071,0.79459,108.82,1.4444,7.1149
2459005,"2020/06/04","Thu",1.3508,0.88409,0.79445,108.94,1.4419,7.1132
2459006,"2020/06/05","Fri",1.3429,0.88500,0.78850,109.62,1.4341,7.0865
2459009,"2020/06/08","Mon",1.3383,0.88506,0.78770,108.63,1.4290,7.0735
2459010,"2020/06/09","Tue",1.3423,0.88216,0.78626,107.82,1.4373,7.0796
2459011,"2020/06/10","Wed",1.3390,0.87947,0.78336,107.29,1.4264,7.0622
2459012,"2020/06/11","Thu",1.3553,0.88098,0.79174,106.80,1.4529,7.0662
2459013,"2020/06/12","Fri",1.3596,0.88811,0.79775,107.39,1.4591,7.0812
2459016,"2020/06/15","Mon",1.3604,0.88637,0.79597,107.37,1.4561,7.0928
2459017,"2020/06/16","Tue",1.3558,0.88736,0.79361,107.35,1.4494,7.0836
2459018,"2020/06/17","Wed",1.3555,0.89043,0.79731,107.24,1.4496,7.0857
2459019,"2020/06/18","Thu",1.3589,0.89178,0.80461,106.83,1.4595,7.0887
2459020,"2020/06/19","Fri",1.3587,0.89265,0.80841,106.90,1.4569,7.0729
2459023,"2020/06/22","Mon",1.3545,0.88901,0.80352,106.91,1.4485,7.0694
2459024,"2020/06/23","Tue",1.3516,0.88323,0.79920,106.43,1.4386,7.0616
2459025,"2020/06/24","Wed",1.3591,0.88737,0.80335,106.85,1.4522,7.0786
2459026,"2020/06/25","Thu",1.3645,0.89136,0.80558,107.19,1.4552,7.0773
2459027,"2020/06/26","Fri",1.3676,0.89123,0.80981,107.18,1.4571,7.0787
2459030,"2020/06/29","Mon",1.3682,0.88908,0.81368,107.65,1.4583,7.0781
2459031,"2020/06/30","Tue",1.3628,0.89043,0.80965,107.82,1.4526,7.0685
2459033,"2020/07/02","Thu",1.3586,0.88919,0.80144,107.57,1.4442,7.0687
2459034,"2020/07/03","Fri",1.3565,0.88968,0.80219,107.49,1.4408,7.0651
2459037,"2020/07/06","Mon",1.3543,0.88366,0.80018,107.48,1.4334,7.0207
2459038,"2020/07/07","Tue",1.3583,0.88564,0.79628,107.55,1.4366,7.0160
2459039,"2020/07/08","Wed",1.3538,0.88299,0.79430,107.36,1.4352,7.0072
2459040,"2020/07/09","Thu",1.3555,0.88433,0.79186,107.24,1.4351,6.9907
2459041,"2020/07/10","Fri",1.3594,0.88462,0.79159,106.87,1.4385,7.0000
2459044,"2020/07/13","Mon",1.3567,0.88057,0.79348,107.25,1.4338,6.9969
2459045,"2020/07/14","Tue",1.3616,0.87772,0.79756,107.21,1.4360,7.0113
2459046,"2020/07/15","Wed",1.3534,0.87582,0.79350,106.90,1.4264,6.9871
2459047,"2020/07/16","Thu",1.3543,0.87657,0.79520,107.23,1.4312,6.9917
2459048,"2020/07/17","Fri",1.3574,0.87461,0.79692,107.05,1.4303,6.9933
2459051,"2020/07/20","Mon",1.3543,0.87442,0.79074,107.23,1.4274,6.9845
2459052,"2020/07/21","Tue",1.3446,0.87018,0.78535,106.88,1.4059,6.9813
2459053,"2020/07/22","Wed",1.3420,0.86358,0.78581,107.19,1.3991,6.9969
2459054,"2020/07/23","Thu",1.3392,0.86255,0.78569,106.96,1.4058,7.0042
2459055,"2020/07/24","Fri",1.3421,0.85988,0.78243,105.93,1.4099,7.0157
2459058,"2020/07/27","Mon",1.3378,0.85086,0.77689,105.34,1.4010,7.0005
2459059,"2020/07/28","Tue",1.3373,0.85276,0.77354,105.13,1.3975,7.0016
2459060,"2020/07/29","Wed",1.3360,0.84982,0.77047,105.03,1.3937,7.0021
2459061,"2020/07/30","Thu",1.3432,0.84739,0.76592,105.02,1.3980,7.0068
2459062,"2020/07/31","Fri",1.3404,0.84669,0.76198,105.63,1.3968,6.9740
2459066,"2020/08/04","Tue",1.3372,0.84999,0.76666,105.87,1.3996,6.9755
2459067,"2020/08/05","Wed",1.3262,0.84198,0.76144,105.51,1.3865,6.9362
2459068,"2020/08/06","Thu",1.3292,0.84319,0.76037,105.49,1.3852,6.9519
2459069,"2020/08/07","Fri",1.3377,0.84853,0.76619,105.83,1.3949,6.9672
2459072,"2020/08/10","Mon",1.3354,0.85052,0.76475,105.90,1.3967,6.9625
2459073,"2020/08/11","Tue",1.3291,0.84981,0.76403,106.41,1.3961,6.9477
2459074,"2020/08/12","Wed",1.3254,0.84820,0.76710,106.89,1.3963,6.9393
2459075,"2020/08/13","Thu",1.3217,0.84573,0.76443,106.93,1.3967,6.9454
2459076,"2020/08/14","Fri",1.3250,0.84513,0.76312,106.51,1.3955,6.9517
2459079,"2020/08/17","Mon",1.3207,0.84277,0.76345,106.08,1.3874,6.9328
2459080,"2020/08/18","Tue",1.3170,0.83789,0.75612,105.44,1.3811,6.9207
2459081,"2020/08/19","Wed",1.3171,0.84063,0.75918,105.71,1.3826,6.9175
2459082,"2020/08/20","Thu",1.3195,0.84405,0.75951,105.90,1.3944,6.9156
2459083,"2020/08/21","Fri",1.3205,0.84909,0.76391,105.89,1.3977,6.9209
2459086,"2020/08/24","Mon",1.3207,0.84666,0.76452,105.91,1.3937,6.9183
2459087,"2020/08/25","Tue",1.3194,0.84588,0.76130,106.40,1.3927,6.9115
2459088,"2020/08/26","Wed",1.3155,0.84631,0.75826,106.09,1.3844,6.8874
2459089,"2020/08/27","Thu",1.3129,0.84638,0.75737,106.39,1.3791,6.8919
2459090,"2020/08/28","Fri",1.3097,0.84084,0.75059,105.37,1.3611,6.8643
2459093,"2020/08/31","Mon",1.3042,0.83747,0.74859,105.95,1.3550,6.8462
2459094,"2020/09/01","Tue",1.3055,0.83729,0.74545,105.97,1.3559,6.8279
2459095,"2020/09/02","Wed",1.3067,0.84467,0.75059,106.24,1.3658,6.8342
2459096,"2020/09/03","Thu",1.3123,0.84463,0.75350,106.17,1.3733,6.8420
2459097,"2020/09/04","Fri",1.3089,0.84565,0.75524,106.33,1.3758,6.8421
2459101,"2020/09/08","Tue",1.3191,0.84819,0.76781,105.95,1.3826,6.8453
2459102,"2020/09/09","Wed",1.3173,0.84703,0.76990,106.23,1.3753,6.8360
2459103,"2020/09/10","Thu",1.3162,0.84280,0.77716,106.15,1.3728,6.8339
2459104,"2020/09/11","Fri",1.3186,0.84461,0.78144,106.17,1.3734,6.8357
2459107,"2020/09/14","Mon",1.3175,0.84234,0.77678,105.74,1.3717,6.8123
2459108,"2020/09/15","Tue",1.3176,0.84343,0.77615,105.41,1.3679,6.7813
2459109,"2020/09/16","Wed",1.3168,0.84502,0.77055,104.92,1.3657,6.7563
2459110,"2020/09/17","Thu",1.3200,0.84599,0.77315,104.68,1.3707,6.7658
2459111,"2020/09/18","Fri",1.3186,0.84374,0.77242,104.40,1.3693,6.7690
2459114,"2020/09/21","Mon",1.3293,0.85081,0.78075,104.59,1.3853,6.8030
2459115,"2020/09/22","Tue",1.3310,0.85326,0.78437,104.89,1.3921,6.7770
2459116,"2020/09/23","Wed",1.3358,0.85634,0.78484,105.35,1.4089,6.8084
2459117,"2020/09/24","Thu",1.3374,0.85780,0.78458,105.39,1.4199,6.8304
2459118,"2020/09/25","Fri",1.3396,0.86010,0.78624,105.56,1.4239,6.8242
2459121,"2020/09/28","Mon",1.3378,0.85745,0.77788,105.50,1.4155,6.8116
2459122,"2020/09/29","Tue",1.3391,0.85266,0.77791,105.69,1.4038,6.8148
2459123,"2020/09/30","Wed",1.3339,0.85337,0.77557,105.53,1.3975,6.7952
2459124,"2020/10/01","Thu",1.3292,0.85140,0.77536,105.58,1.3914,6.7920
2459125,"2020/10/02","Fri",1.3310,0.85359,0.77321,105.30,1.3969,6.7908
2459128,"2020/10/05","Mon",1.3269,0.84889,0.77074,105.64,1.3923,6.7907
2459129,"2020/10/06","Tue",1.3272,0.84876,0.77244,105.58,1.3982,6.7922
2459130,"2020/10/07","Wed",1.3275,0.84971,0.77505,105.95,1.4005,6.7903
2459131,"2020/10/08","Thu",1.3220,0.85087,0.77342,106.01,1.3966,6.7899
2459132,"2020/10/09","Fri",1.3136,0.84617,0.76900,105.68,1.3838,6.6952
2459136,"2020/10/13","Tue",1.3133,0.85102,0.77117,105.57,1.3959,6.7453
2459137,"2020/10/14","Wed",1.3139,0.85059,0.76751,105.11,1.3941,6.7173
2459138,"2020/10/15","Thu",1.3230,0.85471,0.77436,105.33,1.4122,6.7260
2459139,"2020/10/16","Fri",1.3192,0.85302,0.77400,105.37,1.4115,6.6964
2459142,"2020/10/19","Mon",1.3165,0.84881,0.77020,105.40,1.4109,6.6827
2459143,"2020/10/20","Tue",1.3138,0.84565,0.77260,105.61,1.4183,6.6792
2459144,"2020/10/21","Wed",1.3122,0.84272,0.76109,104.56,1.4048,6.6508
2459145,"2020/10/22","Thu",1.3142,0.84580,0.76394,104.80,1.4063,6.6846
2459146,"2020/10/23","Fri",1.3140,0.84404,0.76654,104.78,1.4034,6.6836
2459149,"2020/10/26","Mon",1.3201,0.84633,0.76804,104.94,1.4041,6.7112
2459150,"2020/10/27","Tue",1.3164,0.84558,0.76606,104.48,1.4012,6.7061
2459151,"2020/10/28","Wed",1.3302,0.85165,0.77064,104.33,1.4169,6.7284
2459152,"2020/10/29","Thu",1.3349,0.85647,0.77385,104.53,1.4237,6.7148
2459153,"2020/10/30","Fri",1.3318,0.85740,0.77188,104.62,1.4212,6.6891
2459156,"2020/11/02","Mon",1.3257,0.85967,0.77476,104.80,1.4195,6.6921
2459157,"2020/11/03","Tue",1.3145,0.85379,0.76732,104.57,1.3990,6.6794
2459158,"2020/11/04","Wed",1.3138,0.85362,0.76965,104.44,1.3947,6.6555
2459159,"2020/11/05","Thu",1.3051,0.84593,0.76317,103.66,1.3771,6.6081
2459160,"2020/11/06","Fri",1.3039,0.84177,0.76056,103.32,1.3763,6.6121
2459163,"2020/11/09","Mon",1.2970,0.84457,0.76012,105.36,1.3707,6.6241
2459164,"2020/11/10","Tue",1.3017,0.84636,0.75500,105.32,1.3748,6.6177
2459166,"2020/11/12","Thu",1.3123,0.84714,0.76137,105.15,1.3790,6.6144
2459167,"2020/11/13","Fri",1.3147,0.84558,0.75906,104.67,1.3778,6.6065
2459170,"2020/11/16","Mon",1.3085,0.84479,0.75820,104.60,1.3680,6.5853
2459171,"2020/11/17","Tue",1.3094,0.84254,0.75457,104.17,1.3692,6.5568
2459172,"2020/11/18","Wed",1.3063,0.84277,0.75269,103.84,1.3668,6.5610
2459173,"2020/11/19","Thu",1.3083,0.84412,0.75559,103.92,1.3746,6.5843
2459174,"2020/11/20","Fri",1.3071,0.84313,0.75294,103.82,1.3678,6.5650
2459177,"2020/11/23","Mon",1.3082,0.84395,0.75020,104.24,1.3713,6.5838
2459178,"2020/11/24","Tue",1.3033,0.84231,0.74954,104.60,1.3616,6.5890
2459179,"2020/11/25","Wed",1.3003,0.83961,0.74790,104.36,1.3596,6.5771
2459180,"2020/11/26","Thu",1.3013,0.83987,0.74938,104.27,1.3585,6.5755
2459181,"2020/11/27","Fri",1.2985,0.83688,0.75067,104.05,1.3537,6.5780
2459184,"2020/11/30","Mon",1.2965,0.83597,0.74916,104.30,1.3584,6.5779
2459185,"2020/12/01","Tue",1.2952,0.83143,0.74673,104.37,1.3587,6.5713
2459186,"2020/12/02","Wed",1.2934,0.82725,0.74958,104.56,1.3539,6.5622
2459187,"2020/12/03","Thu",1.2880,0.82305,0.74236,103.87,1.3440,6.5447
2459188,"2020/12/04","Fri",1.2801,0.82332,0.74209,104.07,1.3452,6.5311
2459191,"2020/12/07","Mon",1.2801,0.82428,0.74947,103.99,1.3451,6.5311
2459192,"2020/12/08","Tue",1.2808,0.82563,0.74905,104.13,1.3492,6.5314
2459193,"2020/12/09","Wed",1.2803,0.82749,0.74618,104.26,1.3419,6.5422
2459194,"2020/12/10","Thu",1.2734,0.82463,0.75238,104.29,1.3298,6.5437
2459195,"2020/12/11","Fri",1.2769,0.82530,0.75704,103.98,1.3272,6.5449
2459198,"2020/12/14","Mon",1.2757,0.82298,0.74922,103.97,1.3246,6.5488
2459199,"2020/12/15","Tue",1.2722,0.82290,0.74563,103.77,1.3245,6.5409
2459200,"2020/12/16","Wed",1.2753,0.82108,0.74098,103.60,1.3222,6.5333
2459201,"2020/12/17","Thu",1.2718,0.81583,0.73548,103.06,1.3117,6.5321
2459202,"2020/12/18","Fri",1.2775,0.81692,0.74062,103.36,1.3138,6.5379
2459205,"2020/12/21","Mon",1.2849,0.81804,0.74847,103.45,1.3222,6.5489
2459206,"2020/12/22","Tue",1.2908,0.82060,0.74838,103.60,1.3274,6.5423
2459207,"2020/12/23","Wed",1.2856,0.82047,0.74106,103.51,1.3199,6.5392
2459208,"2020/12/24","Thu",1.2835,0.82044,0.73714,103.68,1.3160,6.5318
2459213,"2020/12/29","Tue",1.2806,0.81629,0.74092,103.61,1.3137,6.5303
2459214,"2020/12/30","Wed",1.2769,0.81378,0.73499,103.23,1.3026,6.5248
2459215,"2020/12/31","Thu",1.2732,0.81573,0.73252,103.09,1.2946,6.5326
